-- phpMyAdmin SQL Dump
-- version 5.1.1
-- https://www.phpmyadmin.net/
--
-- Host: 127.0.0.1
-- Generation Time: Apr 04, 2023 at 07:03 PM
-- Server version: 10.4.22-MariaDB
-- PHP Version: 7.4.27

SET SQL_MODE = "NO_AUTO_VALUE_ON_ZERO";
START TRANSACTION;
SET time_zone = "+00:00";


/*!40101 SET @OLD_CHARACTER_SET_CLIENT=@@CHARACTER_SET_CLIENT */;
/*!40101 SET @OLD_CHARACTER_SET_RESULTS=@@CHARACTER_SET_RESULTS */;
/*!40101 SET @OLD_COLLATION_CONNECTION=@@COLLATION_CONNECTION */;
/*!40101 SET NAMES utf8mb4 */;

--
-- Database: `study_meet`
--

-- --------------------------------------------------------

--
-- Table structure for table `admin_post`
--

CREATE TABLE `admin_post` (
  `post_id` bigint(20) NOT NULL,
  `image` varchar(255) NOT NULL,
  `text` varchar(255) NOT NULL,
  `link` text NOT NULL,
  `status` bigint(20) NOT NULL COMMENT '1=Active, 2=InActive',
  `entry_date` datetime NOT NULL,
  `update_date` datetime NOT NULL,
  `city` varchar(255) NOT NULL,
  `state` varchar(255) NOT NULL
) ENGINE=InnoDB DEFAULT CHARSET=utf8mb4;

--
-- Dumping data for table `admin_post`
--

INSERT INTO `admin_post` (`post_id`, `image`, `text`, `link`, `status`, `entry_date`, `update_date`, `city`, `state`) VALUES
(3, '1642779279.jpg', 'First Ads', 'https://web.whatsapp.com/', 1, '0000-00-00 00:00:00', '2022-01-21 22:36:22', '', ''),
(4, '1642784766.jpg', 'Second Ads', 'https://web.whatsapp.com/', 1, '2022-01-21 22:36:06', '0000-00-00 00:00:00', '', ''),
(5, '1642785875.jpg', 'dsfsd', 'https://www.youtube.com/watch?v=M3lEFTouYMM', 1, '2022-01-21 22:54:35', '2022-05-18 17:02:23', '', 'Gujarat');

-- --------------------------------------------------------

--
-- Table structure for table `manage_language`
--

CREATE TABLE `manage_language` (
  `language_id` int(11) NOT NULL,
  `language_name` text NOT NULL,
  `status` int(11) NOT NULL DEFAULT 1 COMMENT '1=Active, 2=InActive',
  `entry_date` datetime NOT NULL,
  `update_date` datetime NOT NULL
) ENGINE=InnoDB DEFAULT CHARSET=utf8mb4;

--
-- Dumping data for table `manage_language`
--

INSERT INTO `manage_language` (`language_id`, `language_name`, `status`, `entry_date`, `update_date`) VALUES
(1, 'Hindi', 1, '2022-03-13 20:45:23', '2022-03-13 22:06:20'),
(3, 'English', 1, '2022-03-13 22:24:59', '0000-00-00 00:00:00'),
(5, 'Gujarati', 1, '2022-03-13 22:35:41', '0000-00-00 00:00:00');

-- --------------------------------------------------------

--
-- Table structure for table `mst_admin`
--

CREATE TABLE `mst_admin` (
  `admin_id` bigint(20) NOT NULL,
  `name` varchar(255) NOT NULL,
  `password` varchar(255) NOT NULL,
  `mobile` varchar(15) NOT NULL,
  `status` int(4) NOT NULL,
  `entry_date` datetime NOT NULL,
  `update_date` datetime NOT NULL
) ENGINE=InnoDB DEFAULT CHARSET=latin1;

--
-- Dumping data for table `mst_admin`
--

INSERT INTO `mst_admin` (`admin_id`, `name`, `password`, `mobile`, `status`, `entry_date`, `update_date`) VALUES
(1, 'kajal@gmail.com', 'e10adc3949ba59abbe56e057f20f883e', '1234567890', 1, '2022-01-06 13:38:47', '0000-00-00 00:00:00');

-- --------------------------------------------------------

--
-- Table structure for table `mst_campaign`
--

CREATE TABLE `mst_campaign` (
  `campaign_id` bigint(20) NOT NULL,
  `user_id` bigint(20) NOT NULL,
  `user_type` bigint(20) NOT NULL,
  `campaign_name` varchar(1024) NOT NULL,
  `campaign_image` varchar(50) NOT NULL,
  `timer` bigint(20) NOT NULL,
  `from_date` date NOT NULL,
  `to_date` date NOT NULL,
  `from_time` time DEFAULT NULL,
  `to_time` time DEFAULT NULL,
  `school_collage` text NOT NULL COMMENT 'School, Collage id With Coma Separeted',
  `class` text NOT NULL COMMENT 'Class With Coma Seperated',
  `all_friends` bigint(20) NOT NULL COMMENT '1=Show To All, 2=Not Show To  All',
  `result` int(11) NOT NULL DEFAULT 0 COMMENT '0=Not Release, 1=Release',
  `status` bigint(20) NOT NULL COMMENT '1=Active, 2=Expired, 3=Stop',
  `entry_date` datetime NOT NULL,
  `update_date` datetime NOT NULL
) ENGINE=InnoDB DEFAULT CHARSET=latin1;

--
-- Dumping data for table `mst_campaign`
--

INSERT INTO `mst_campaign` (`campaign_id`, `user_id`, `user_type`, `campaign_name`, `campaign_image`, `timer`, `from_date`, `to_date`, `from_time`, `to_time`, `school_collage`, `class`, `all_friends`, `result`, `status`, `entry_date`, `update_date`) VALUES
(1, 37, 1, 'First Campaign', '1640674421.jpg', 20, '2022-01-01', '2022-01-05', NULL, NULL, '', '', 0, 0, 2, '2022-01-01 16:05:22', '0000-00-00 00:00:00'),
(2, 7, 1, 'Second Campaign', 'c4.png', 20, '2022-04-06', '2022-04-26', '14:00:00', '20:00:00', '', '', 1, 0, 2, '2022-01-01 16:32:42', '0000-00-00 00:00:00'),
(3, 7, 1, 'first campaign', '', 20, '0000-00-00', '0000-00-00', NULL, NULL, '3,1,3,1', '6Th,7Th,8Th,9Th,6Th,7Th,8Th,9Th', 2, 0, 2, '2022-01-01 13:21:01', '0000-00-00 00:00:00'),
(4, 7, 1, 'first campaign', '', 20, '2022-01-01', '2022-01-10', NULL, NULL, '3,1,3,1', '6Th,7Th,8Th,9Th,6Th,7Th,8Th,9Th', 2, 0, 2, '2022-01-01 13:23:38', '0000-00-00 00:00:00'),
(5, 7, 1, 'first campaign', 'Image_1641024342.jpg', 20, '2022-01-01', '2022-01-10', NULL, NULL, '3,1,3,1', '6Th,7Th,8Th,9Th,6Th,7Th,8Th,9Th', 2, 0, 2, '2022-01-01 13:35:42', '0000-00-00 00:00:00'),
(6, 7, 1, 'first campaign', 'Image_1641024358.jpg', 20, '2022-01-01', '2022-01-10', NULL, NULL, '3,1,3,1', '6Th,7Th,8Th,9Th,6Th,7Th,8Th,9Th', 2, 0, 2, '2022-01-01 13:35:58', '0000-00-00 00:00:00'),
(7, 7, 1, 'first campaign', 'Image_1641024371.jpg', 20, '2022-01-01', '2022-01-10', NULL, NULL, '3,1,3,1', '6Th,7Th,8Th,9Th,6Th,7Th,8Th,9Th', 2, 0, 2, '2022-01-01 13:36:11', '0000-00-00 00:00:00'),
(8, 7, 1, 'first campaign', 'Image_1641024387.jpg', 20, '2022-01-01', '2022-01-10', NULL, NULL, '3,1,3,1', '6Th,7Th,8Th,9Th,6Th,7Th,8Th,9Th', 2, 0, 2, '2022-01-01 13:36:27', '0000-00-00 00:00:00'),
(9, 7, 1, 'first campaign', 'Image_1641024402.jpg', 20, '2022-01-01', '2022-01-10', NULL, NULL, '3,1,3,1', '6Th,7Th,8Th,9Th,6Th,7Th,8Th,9Th', 2, 0, 2, '2022-01-01 13:36:42', '0000-00-00 00:00:00'),
(10, 7, 1, 'first campaign', 'Image_1641024410.jpg', 20, '2022-01-01', '2022-01-10', NULL, NULL, '3,1,3,1', '6Th,7Th,8Th,9Th,6Th,7Th,8Th,9Th', 2, 0, 2, '2022-01-01 13:36:50', '0000-00-00 00:00:00'),
(11, 7, 1, 'first campaign', 'Image_1641024419.jpg', 20, '2022-01-01', '2022-01-10', NULL, NULL, '3,1,3,1', '6Th,7Th,8Th,9Th,6Th,7Th,8Th,9Th', 2, 0, 2, '2022-01-01 13:36:59', '0000-00-00 00:00:00'),
(12, 7, 1, 'first campaign', 'Image_1641024431.jpg', 20, '2022-01-01', '2022-01-10', NULL, NULL, '3,1,3,1', '6Th,7Th,8Th,9Th,6Th,7Th,8Th,9Th', 2, 0, 2, '2022-01-01 13:37:11', '0000-00-00 00:00:00'),
(13, 7, 1, 'first campaign', 'Image_1641024451.jpg', 20, '2022-01-01', '2022-01-10', NULL, NULL, '3,1,3,1', '6Th,7Th,8Th,9Th,6Th,7Th,8Th,9Th', 2, 0, 2, '2022-01-01 13:37:31', '0000-00-00 00:00:00'),
(14, 7, 1, 'first campaign', 'Image_1641024476.jpg', 20, '2022-01-01', '2022-01-10', NULL, NULL, '3,1,3,1', '6Th,7Th,8Th,9Th,6Th,7Th,8Th,9Th', 2, 0, 2, '2022-01-01 13:37:56', '0000-00-00 00:00:00'),
(15, 7, 1, 'first campaign', 'Image_1641024485.jpg', 20, '2022-01-01', '2022-01-10', NULL, NULL, '3,1,3,1', '6Th,7Th,8Th,9Th,6Th,7Th,8Th,9Th', 2, 0, 2, '2022-01-01 13:38:05', '0000-00-00 00:00:00'),
(16, 7, 1, 'first campaign', 'Image_1641024510.jpg', 20, '2022-01-01', '2022-01-10', NULL, NULL, '3,1,3,1', '6Th,7Th,8Th,9Th,6Th,7Th,8Th,9Th', 2, 0, 2, '2022-01-01 13:38:30', '0000-00-00 00:00:00'),
(17, 7, 1, 'first campaign', 'Image_1641024523.jpg', 20, '2022-01-01', '2022-01-10', NULL, NULL, '3,1,3,1', '6Th,7Th,8Th,9Th,6Th,7Th,8Th,9Th', 2, 0, 2, '2022-01-01 13:38:43', '0000-00-00 00:00:00'),
(18, 7, 1, 'first campaign', 'Image_1641024548.jpg', 20, '2022-01-01', '2022-01-10', NULL, NULL, '3,1,3,1', '6Th,7Th,8Th,9Th,6Th,7Th,8Th,9Th', 2, 0, 2, '2022-01-01 13:39:08', '0000-00-00 00:00:00'),
(19, 7, 1, 'first campaign', 'Image_1641024557.jpg', 20, '2022-01-01', '2022-01-10', NULL, NULL, '3,1,3,1', '6Th,7Th,8Th,9Th,6Th,7Th,8Th,9Th', 2, 0, 2, '2022-01-01 13:39:17', '0000-00-00 00:00:00'),
(20, 7, 1, 'first campaign', 'Image_1641024605.jpg', 20, '2022-01-01', '2022-01-10', NULL, NULL, '3,1,3,1', '6Th,7Th,8Th,9Th,6Th,7Th,8Th,9Th', 2, 0, 2, '2022-01-01 13:40:05', '0000-00-00 00:00:00'),
(21, 7, 1, 'first campaign', 'Image_1641024624.jpg', 20, '2022-01-01', '2022-01-10', NULL, NULL, '3,1,3,1', '6Th,7Th,8Th,9Th,6Th,7Th,8Th,9Th', 2, 0, 2, '2022-01-01 13:40:24', '0000-00-00 00:00:00'),
(22, 7, 1, 'first campaign', 'Image_1641024656.jpg', 20, '2022-01-01', '2022-01-10', NULL, NULL, '3,1,3,1', '6Th,7Th,8Th,9Th,6Th,7Th,8Th,9Th', 2, 0, 2, '2022-01-01 13:40:56', '0000-00-00 00:00:00'),
(23, 7, 1, 'first campaign', 'Image_1641024668.jpg', 20, '2022-01-01', '2022-01-10', NULL, NULL, '3,1,3,1', '6Th,7Th,8Th,9Th,6Th,7Th,8Th,9Th', 2, 0, 2, '2022-01-01 13:41:08', '0000-00-00 00:00:00'),
(24, 7, 1, 'first campaign', 'Image_1641024833.jpg', 20, '2022-01-01', '2022-01-10', NULL, NULL, '3,1,3,1', '6Th,7Th,8Th,9Th,6Th,7Th,8Th,9Th', 2, 0, 2, '2022-01-01 13:43:53', '0000-00-00 00:00:00'),
(25, 7, 1, 'first campaign', 'Image_1641024857.jpg', 20, '2022-01-01', '2022-01-10', NULL, NULL, '3,1,3,1', '6Th,7Th,8Th,9Th,6Th,7Th,8Th,9Th', 2, 0, 2, '2022-01-01 13:44:17', '0000-00-00 00:00:00'),
(26, 7, 1, 'first campaign', 'Image_1641024988.jpg', 20, '2022-01-01', '2022-01-10', NULL, NULL, '3,1,3,1', '6Th,7Th,8Th,9Th,6Th,7Th,8Th,9Th', 2, 0, 2, '2022-01-01 13:46:28', '0000-00-00 00:00:00'),
(27, 7, 1, 'first campaign', 'Image_1641025000.jpg', 20, '2022-01-01', '2022-01-10', NULL, NULL, '3,1,3,1', '6Th,7Th,8Th,9Th,6Th,7Th,8Th,9Th', 2, 0, 2, '2022-01-01 13:46:40', '0000-00-00 00:00:00'),
(28, 7, 1, 'first campaign', 'Image_1641025105.jpg', 20, '2022-01-01', '2022-01-10', NULL, NULL, '3,1,3,1', '6Th,7Th,8Th,9Th,6Th,7Th,8Th,9Th', 2, 0, 2, '2022-01-01 13:48:25', '0000-00-00 00:00:00'),
(29, 7, 1, 'first campaign', 'Image_1641025124.jpg', 20, '2022-01-01', '2022-01-10', NULL, NULL, '3,1,3,1', '6Th,7Th,8Th,9Th,6Th,7Th,8Th,9Th', 2, 0, 2, '2022-01-01 13:48:44', '0000-00-00 00:00:00'),
(30, 7, 1, 'first campaign', 'Image_1641025125.jpg', 20, '2022-01-01', '2022-01-10', NULL, NULL, '3,1,3,1', '6Th,7Th,8Th,9Th,6Th,7Th,8Th,9Th', 2, 0, 2, '2022-01-01 13:48:45', '0000-00-00 00:00:00'),
(31, 7, 1, 'first campaign', 'Image_1641025141.jpg', 20, '2022-01-01', '2022-01-10', NULL, NULL, '3,1,3,1', '6Th,7Th,8Th,9Th,6Th,7Th,8Th,9Th', 2, 0, 2, '2022-01-01 13:49:01', '0000-00-00 00:00:00'),
(32, 7, 1, 'first campaign', 'Image_1641025150.jpg', 20, '2022-01-01', '2022-01-10', NULL, NULL, '3,1,3,1', '6Th,7Th,8Th,9Th,6Th,7Th,8Th,9Th', 2, 0, 2, '2022-01-01 13:49:10', '0000-00-00 00:00:00'),
(33, 7, 1, 'second campaign', 'Image_1641025435.jpg', 20, '2022-01-01', '2022-01-12', NULL, NULL, '3,1,4', '4Th,5Th,6Th', 2, 0, 2, '2022-01-01 13:53:55', '0000-00-00 00:00:00'),
(34, 7, 1, 'second campaign', 'Image_1641025479.jpg', 20, '2022-01-01', '2022-01-12', NULL, NULL, '3,1,4', '4Th,5Th,6Th', 2, 0, 2, '2022-01-01 13:54:39', '0000-00-00 00:00:00'),
(39, 7, 1, 'second campaign', 'Image_1641025712.jpg', 20, '2022-01-01', '2022-01-12', NULL, NULL, '3,1,4', '4Th,5Th,6Th', 2, 0, 2, '2022-01-01 13:58:32', '0000-00-00 00:00:00'),
(40, 7, 1, 'second campaign', 'Image_1641025741.jpg', 20, '2022-01-01', '2022-01-12', NULL, NULL, '3,1,4', '4Th,5Th,6Th', 2, 0, 2, '2022-01-01 13:59:01', '0000-00-00 00:00:00'),
(41, 7, 1, 'demo campaign', 'Image_1641040093.jpg', 20, '2022-01-01', '2022-01-01', NULL, NULL, '', '', 1, 0, 2, '2022-01-01 17:58:13', '0000-00-00 00:00:00'),
(42, 6, 1, 'campaign', 'Image_1641040260.jpg', 20, '2022-01-01', '2022-01-25', NULL, NULL, '', '', 1, 0, 2, '2022-01-01 18:01:00', '0000-00-00 00:00:00'),
(43, 6, 1, 'campaign', 'Image_1641040359.jpg', 20, '2022-01-01', '2022-01-25', NULL, NULL, '', '', 1, 0, 2, '2022-01-01 18:02:39', '0000-00-00 00:00:00'),
(44, 6, 1, 'campaign', 'Image_1641040361.jpg', 20, '2022-01-01', '2022-01-25', NULL, NULL, '', '', 1, 0, 2, '2022-01-01 18:02:41', '0000-00-00 00:00:00'),
(45, 6, 1, 'campaign', 'Image_1641040363.jpg', 20, '2022-01-01', '2022-01-25', NULL, NULL, '3,1,4,2', '7Th,8Th,9Th', 2, 0, 2, '2022-02-01 18:02:43', '2022-01-03 18:15:14'),
(46, 6, 1, 'campaign 3', 'Image_1641040539.jpg', 20, '2022-01-01', '2022-01-23', NULL, NULL, '', '', 1, 0, 2, '2022-01-01 18:05:39', '0000-00-00 00:00:00'),
(47, 6, 1, 'campaign 3', 'Image_1641040765.jpg', 20, '2022-01-29', '2022-02-23', '21:45:00', NULL, '', '', 1, 0, 2, '2022-01-01 18:09:25', '0000-00-00 00:00:00'),
(48, 6, 1, 'snsjsj', 'Image_1641214748.jpg', 20, '2022-01-03', '2022-01-25', NULL, NULL, '', '', 1, 0, 2, '2022-01-03 18:29:08', '0000-00-00 00:00:00'),
(49, 3, 2, 'demo campaign', 'Image_1641548353.jpg', 20, '2022-01-07', '2022-01-19', NULL, NULL, '', '', 1, 0, 2, '2022-01-07 15:09:13', '0000-00-00 00:00:00'),
(50, 3, 2, 'demo campaign', 'Image_1641548537.jpg', 10, '2022-01-07', '2022-01-21', NULL, NULL, '3', '', 1, 0, 2, '2022-01-07 15:12:17', '0000-00-00 00:00:00'),
(51, 3, 2, 'dnjd', 'Image_1641548870.jpg', 20, '2022-01-07', '2022-01-07', NULL, NULL, '3', '', 2, 0, 2, '2022-01-07 15:17:50', '2022-01-13 11:07:58'),
(52, 3, 2, 'jdjd', 'Image_1641550091.jpg', 20, '2022-01-28', '2022-02-20', NULL, NULL, '3,1', '5Th,6Th', 2, 0, 2, '2022-01-07 15:38:11', '2022-01-07 16:07:16'),
(53, 46, 1, 'first campaign', 'Image_1641621978.jpg', 20, '2022-01-08', '2022-01-28', NULL, NULL, '', '', 1, 0, 2, '2022-01-08 11:36:45', '2022-01-13 11:20:52'),
(54, 46, 1, 'demo campaign', 'Image_1641796857.jpg', 30, '2022-01-28', '2022-01-29', '21:15:00', NULL, '', '', 1, 0, 2, '2022-01-10 12:10:57', '2022-01-13 11:20:04'),
(119, 1, 1, 'Demo Campaign', '1642606690.jpg', 20, '2022-01-19', '2022-01-27', NULL, NULL, '', '', 1, 1, 2, '2022-01-19 21:08:10', '2022-05-19 11:57:53'),
(120, 1, 1, 'Demo Campaign', '1642606731.jpg', 20, '2022-01-19', '2022-01-27', NULL, NULL, '', '', 1, 0, 2, '2022-01-19 21:08:51', '0000-00-00 00:00:00'),
(121, 1, 1, 'Demo Campaign', '1642606854.jpg', 20, '2022-01-19', '2022-01-27', NULL, NULL, '4', '10Th', 2, 1, 2, '2022-01-19 21:10:54', '2022-05-19 11:59:19'),
(122, 1, 1, 'Demo Campaign', '1642607029.jpg', 20, '2022-01-19', '2022-01-27', NULL, NULL, '', '', 1, 0, 2, '2022-01-19 21:13:49', '0000-00-00 00:00:00'),
(123, 1, 1, 'Demo Campaign', '1642607068.jpg', 20, '2022-01-19', '2022-01-27', NULL, NULL, '', '', 1, 0, 2, '2022-01-19 21:14:28', '0000-00-00 00:00:00'),
(124, 1, 1, 'Demo Campaign', '1642607145.jpg', 20, '2022-01-19', '2022-01-27', NULL, NULL, '', '', 1, 0, 2, '2022-01-19 21:15:45', '0000-00-00 00:00:00'),
(125, 1, 1, 'Demo Campaign', '1642607234.jpg', 20, '2022-01-19', '2022-01-27', NULL, NULL, '2', '9Th', 2, 0, 2, '2022-01-19 21:17:14', '0000-00-00 00:00:00'),
(126, 54, 1, 'Demo Campaign', '1642607284.jpg', 20, '2022-01-19', '2022-02-28', NULL, NULL, '2', '9Th', 2, 1, 2, '2022-01-19 21:18:04', '2022-05-19 12:39:50'),
(127, 45, 1, 'sdfsd', '1642697814.jpg', 46, '2022-01-20', '2022-02-28', NULL, NULL, '', '', 1, 0, 2, '2022-01-20 22:44:31', '0000-00-00 00:00:00'),
(128, 7, 1, 'jsjs', 'Image_1643128331.jpg', 0, '2022-01-25', '2022-01-25', NULL, NULL, '', '', 1, 0, 2, '2022-01-25 22:02:11', '0000-00-00 00:00:00'),
(129, 7, 1, 'hshs', 'Image_1643133126.jpg', 15, '2022-01-25', '2022-02-09', '21:37:10', '21:25:10', '', '', 1, 0, 2, '2022-01-25 23:22:06', '0000-00-00 00:00:00'),
(130, 7, 1, 'sjsj', 'Image_1643301653.jpg', 20, '2022-01-27', '2022-02-28', '21:10:00', '08:10:00', '', '', 1, 0, 2, '2022-01-27 22:10:53', '0000-00-00 00:00:00'),
(131, 7, 1, 'jsjd', 'Image_1643387680.jpg', 20, '2022-01-28', '2022-02-09', '22:05:00', '22:03:00', '5', '12Th', 2, 0, 2, '2022-01-28 22:04:40', '0000-00-00 00:00:00'),
(132, 7, 1, 'demo', 'Image_1646412097.jpg', 0, '2022-03-04', '2022-03-08', '22:11:00', '22:11:00', '5,2', '6Th,7Th,8Th', 2, 0, 2, '2022-03-04 22:11:37', '0000-00-00 00:00:00'),
(133, 16, 2, 'hgyk', 'Image_1646935052.jpg', 0, '2022-03-10', '2022-03-10', '23:27:00', '23:27:00', '', '', 1, 0, 2, '2022-03-10 23:27:32', '2022-03-10 23:29:07'),
(134, 52, 1, 'hshsj', 'Image_1646935116.jpg', 0, '2022-03-10', '2022-05-10', '23:28:00', '23:28:00', '', '', 1, 1, 2, '2022-03-10 23:28:36', '2022-05-01 19:12:41'),
(135, 7, 1, 'sjsj', 'Image_1646935468.jpg', 0, '2022-03-10', '2022-03-10', '23:34:00', '23:34:00', '', '', 1, 1, 2, '2022-03-10 23:34:28', '0000-00-00 00:00:00'),
(136, 1, 1, 'sjsjsu', 'Image_1646935806.jpg', 0, '2022-03-10', '2022-05-28', '23:39:00', '23:39:00', '', '', 1, 0, 1, '2022-03-10 23:40:06', '2022-05-19 11:57:23'),
(137, 1, 1, 'Diwali Special Test', '1650992686.png', 50, '2022-04-25', '2022-05-27', '23:34:00', '22:34:00', '', '', 1, 0, 1, '2022-04-26 22:34:46', '2022-05-19 11:57:17');

-- --------------------------------------------------------

--
-- Table structure for table `mst_campaign_comment`
--

CREATE TABLE `mst_campaign_comment` (
  `c_comment_id` bigint(20) NOT NULL,
  `campaign_id` bigint(20) NOT NULL,
  `user_id` bigint(20) NOT NULL,
  `user_type` bigint(20) NOT NULL,
  `comment` text NOT NULL,
  `status` bigint(20) NOT NULL,
  `entry_date` datetime NOT NULL
) ENGINE=InnoDB DEFAULT CHARSET=utf8mb4;

--
-- Dumping data for table `mst_campaign_comment`
--

INSERT INTO `mst_campaign_comment` (`c_comment_id`, `campaign_id`, `user_id`, `user_type`, `comment`, `status`, `entry_date`) VALUES
(1, 47, 7, 1, 'hdh', 1, '2022-01-31 22:52:28'),
(2, 47, 7, 1, '555', 1, '2022-01-31 22:52:35'),
(3, 47, 7, 1, 'ggj', 1, '2022-02-02 20:07:44'),
(4, 47, 7, 1, 'fghf', 1, '2022-02-02 20:07:49'),
(5, 47, 7, 1, 'dedht', 1, '2022-02-02 20:07:53'),
(6, 47, 7, 1, 'dfffg', 1, '2022-02-02 20:07:55'),
(7, 47, 7, 1, 'gffgyyyt', 1, '2022-02-02 20:07:58'),
(8, 47, 7, 1, 'cggff', 1, '2022-02-02 20:08:01'),
(9, 47, 7, 1, 'jcjf', 1, '2022-02-02 20:08:12'),
(10, 47, 7, 1, 'uhg', 1, '2022-02-02 20:08:48'),
(11, 47, 7, 1, 'hg', 1, '2022-02-02 20:09:02'),
(12, 47, 7, 1, 'hhy', 1, '2022-02-02 20:09:06'),
(13, 47, 7, 1, 'jjhhg', 1, '2022-02-02 20:09:09'),
(14, 47, 7, 1, 'jhyy', 1, '2022-02-02 20:09:12'),
(15, 47, 7, 1, 'jhhy', 1, '2022-02-02 20:09:16'),
(16, 47, 7, 1, 'jjh', 1, '2022-02-02 20:09:19'),
(17, 47, 7, 1, 'uuy', 1, '2022-02-02 20:09:22'),
(18, 47, 7, 1, 'uuyyyyy', 1, '2022-02-02 20:09:25'),
(19, 47, 7, 1, 'hhyyy', 1, '2022-02-02 20:09:28'),
(20, 47, 7, 1, 'hyh', 1, '2022-02-02 20:09:32'),
(21, 47, 7, 1, 'jgfghhh', 1, '2022-02-02 20:09:34'),
(22, 47, 7, 1, 'hygghy', 1, '2022-02-02 20:09:37'),
(23, 47, 7, 1, 'bg', 1, '2022-02-02 20:11:57'),
(24, 131, 7, 1, 'hsjjs', 1, '2022-02-02 20:19:49'),
(25, 131, 7, 1, 'jdjjd', 2, '2022-02-02 20:19:52'),
(26, 131, 7, 1, 'jgjgv', 2, '2022-02-02 20:19:59'),
(27, 131, 7, 1, 'vft', 2, '2022-02-02 20:20:00'),
(28, 131, 7, 1, 'hhghu', 1, '2022-02-02 20:34:56'),
(29, 54, 54, 1, 'hii', 1, '2022-05-19 17:57:21'),
(30, 54, 46, 1, 'bb', 1, '2022-05-19 17:57:28'),
(31, 54, 54, 1, 'hjklh', 1, '2022-05-19 18:04:36'),
(32, 136, 46, 1, 'hiii', 1, '2022-05-19 18:32:24'),
(33, 137, 54, 1, 'jjs', 1, '2022-05-19 19:40:37');

-- --------------------------------------------------------

--
-- Table structure for table `mst_coupon_code`
--

CREATE TABLE `mst_coupon_code` (
  `coupon_id` bigint(20) NOT NULL,
  `coupon_code` varchar(20) NOT NULL,
  `amount` bigint(20) NOT NULL,
  `status` bigint(20) NOT NULL COMMENT '1=Active, 2=InActive',
  `entry_date` datetime NOT NULL,
  `update_date` datetime NOT NULL
) ENGINE=InnoDB DEFAULT CHARSET=latin1;

--
-- Dumping data for table `mst_coupon_code`
--

INSERT INTO `mst_coupon_code` (`coupon_id`, `coupon_code`, `amount`, `status`, `entry_date`, `update_date`) VALUES
(58, 'ASFKQJ', 3000, 1, '2022-01-12 13:00:34', '0000-00-00 00:00:00'),
(60, 'B5SY43', 5000, 1, '2022-01-12 13:00:54', '0000-00-00 00:00:00'),
(62, 'AYP19I', 300, 1, '2022-01-12 13:01:11', '0000-00-00 00:00:00'),
(63, 'AYP19I', 300, 1, '2022-01-12 13:01:11', '0000-00-00 00:00:00'),
(64, 'UJ5AE2', 400, 1, '2022-01-12 13:02:06', '0000-00-00 00:00:00'),
(65, 'UJ5AE2', 400, 1, '2022-01-12 13:02:06', '0000-00-00 00:00:00'),
(66, 'UJ5AE2', 400, 1, '2022-01-12 13:02:06', '0000-00-00 00:00:00'),
(67, 'BH6475', 1200, 1, '2022-01-12 16:22:00', '0000-00-00 00:00:00'),
(68, 'BH6475', 1200, 1, '2022-01-12 16:22:00', '0000-00-00 00:00:00'),
(70, 'ZWGB5R', 50, 1, '2022-01-12 18:52:51', '0000-00-00 00:00:00'),
(71, 'ZWGB5R', 50, 1, '2022-01-12 18:52:51', '0000-00-00 00:00:00'),
(72, 'ZWGB5R', 50, 1, '2022-01-12 18:52:51', '0000-00-00 00:00:00'),
(73, 'ZWGB5R', 50, 1, '2022-01-12 18:52:51', '0000-00-00 00:00:00'),
(74, 'ZWGB5R', 50, 1, '2022-01-12 18:52:51', '0000-00-00 00:00:00'),
(75, 'ZWGB5R', 50, 1, '2022-01-12 18:52:51', '0000-00-00 00:00:00'),
(76, 'ZWGB5R', 50, 1, '2022-01-12 18:52:51', '0000-00-00 00:00:00'),
(77, 'ZWGB5R', 50, 1, '2022-01-12 18:52:51', '0000-00-00 00:00:00'),
(78, 'ZWGB5R', 50, 1, '2022-01-12 18:52:51', '0000-00-00 00:00:00'),
(79, 'ZWGB5R', 50, 1, '2022-01-12 18:52:51', '0000-00-00 00:00:00'),
(80, 'ZWGB5R', 50, 1, '2022-01-12 18:52:51', '0000-00-00 00:00:00'),
(81, 'ZWGB5R', 50, 1, '2022-01-12 18:52:51', '0000-00-00 00:00:00'),
(82, 'ZWGB5R', 50, 1, '2022-01-12 18:52:51', '0000-00-00 00:00:00'),
(83, 'ZWGB5R', 50, 1, '2022-01-12 18:52:51', '0000-00-00 00:00:00'),
(84, 'ZWGB5R', 50, 1, '2022-01-12 18:52:51', '0000-00-00 00:00:00'),
(85, 'ZWGB5R', 50, 1, '2022-01-12 18:52:51', '0000-00-00 00:00:00'),
(86, 'ZWGB5R', 50, 1, '2022-01-12 18:52:51', '0000-00-00 00:00:00'),
(87, 'ZWGB5R', 50, 1, '2022-01-12 18:52:51', '0000-00-00 00:00:00'),
(88, 'ZWGB5R', 50, 1, '2022-01-12 18:52:51', '0000-00-00 00:00:00'),
(89, 'ZWGB5R', 50, 1, '2022-01-12 18:52:51', '0000-00-00 00:00:00'),
(90, 'ZWGB5R', 50, 1, '2022-01-12 18:52:51', '0000-00-00 00:00:00'),
(91, 'ZWGB5R', 50, 1, '2022-01-12 18:52:51', '0000-00-00 00:00:00'),
(92, 'ZWGB5R', 50, 1, '2022-01-12 18:52:51', '0000-00-00 00:00:00'),
(93, 'ZWGB5R', 50, 1, '2022-01-12 18:52:51', '0000-00-00 00:00:00'),
(94, 'ZWGB5R', 50, 1, '2022-01-12 18:52:51', '0000-00-00 00:00:00'),
(95, 'ZWGB5R', 50, 1, '2022-01-12 18:52:51', '0000-00-00 00:00:00'),
(96, 'ZWGB5R', 50, 1, '2022-01-12 18:52:51', '0000-00-00 00:00:00'),
(97, 'ZWGB5R', 50, 1, '2022-01-12 18:52:51', '0000-00-00 00:00:00'),
(98, 'ZWGB5R', 50, 1, '2022-01-12 18:52:51', '0000-00-00 00:00:00'),
(99, 'ZWGB5R', 50, 1, '2022-01-12 18:52:51', '0000-00-00 00:00:00'),
(100, 'ZWGB5R', 50, 1, '2022-01-12 18:52:51', '0000-00-00 00:00:00'),
(101, 'ZWGB5R', 50, 1, '2022-01-12 18:52:51', '0000-00-00 00:00:00'),
(102, 'ZWGB5R', 50, 1, '2022-01-12 18:52:51', '0000-00-00 00:00:00'),
(103, 'ZWGB5R', 50, 1, '2022-01-12 18:52:51', '0000-00-00 00:00:00'),
(104, 'ZWGB5R', 50, 1, '2022-01-12 18:52:51', '0000-00-00 00:00:00'),
(105, 'ZWGB5R', 50, 1, '2022-01-12 18:52:51', '0000-00-00 00:00:00'),
(106, 'ZWGB5R', 50, 1, '2022-01-12 18:52:51', '0000-00-00 00:00:00'),
(107, 'ZWGB5R', 50, 1, '2022-01-12 18:52:51', '0000-00-00 00:00:00'),
(108, 'ZWGB5R', 50, 1, '2022-01-12 18:52:51', '0000-00-00 00:00:00'),
(109, 'ZWGB5R', 50, 1, '2022-01-12 18:52:51', '0000-00-00 00:00:00'),
(110, 'ZWGB5R', 50, 1, '2022-01-12 18:52:51', '0000-00-00 00:00:00'),
(111, 'ZWGB5R', 50, 1, '2022-01-12 18:52:51', '0000-00-00 00:00:00'),
(112, 'ZWGB5R', 50, 1, '2022-01-12 18:52:51', '0000-00-00 00:00:00'),
(113, 'ZWGB5R', 50, 1, '2022-01-12 18:52:51', '0000-00-00 00:00:00'),
(114, 'ZWGB5R', 50, 1, '2022-01-12 18:52:51', '0000-00-00 00:00:00'),
(115, 'ZWGB5R', 50, 1, '2022-01-12 18:52:51', '0000-00-00 00:00:00'),
(116, 'ZWGB5R', 50, 1, '2022-01-12 18:52:51', '0000-00-00 00:00:00'),
(117, 'ZWGB5R', 50, 1, '2022-01-12 18:52:51', '0000-00-00 00:00:00'),
(118, 'ZWGB5R', 50, 1, '2022-01-12 18:52:51', '0000-00-00 00:00:00'),
(120, 'GSZL76', 10, 1, '2022-01-12 18:53:17', '0000-00-00 00:00:00'),
(121, 'GSZL76', 10, 1, '2022-01-12 18:53:17', '0000-00-00 00:00:00'),
(122, 'GSZL76', 10, 1, '2022-01-12 18:53:17', '0000-00-00 00:00:00'),
(123, 'NZSTDJ', 50, 1, '2022-01-12 19:14:18', '0000-00-00 00:00:00'),
(124, '2PRNK0', 50, 1, '2022-01-12 19:14:18', '0000-00-00 00:00:00'),
(125, 'YL2VDS', 50, 1, '2022-01-12 19:14:18', '0000-00-00 00:00:00'),
(126, 'DWEZHG', 50, 1, '2022-01-12 19:14:18', '0000-00-00 00:00:00'),
(127, '451D7S', 50, 1, '2022-01-12 19:14:18', '0000-00-00 00:00:00'),
(128, 'MC58PD', 50, 1, '2022-01-12 19:14:18', '0000-00-00 00:00:00'),
(129, 'WLNF2X', 50, 1, '2022-01-12 19:14:18', '0000-00-00 00:00:00'),
(130, 'XA2H7T', 50, 1, '2022-01-12 19:14:18', '0000-00-00 00:00:00'),
(131, 'BT84IM', 50, 1, '2022-01-12 19:14:18', '0000-00-00 00:00:00'),
(132, 'GJSZIV', 50, 1, '2022-01-12 19:14:18', '0000-00-00 00:00:00'),
(133, 'SKNZR6', 50, 1, '2022-01-12 19:20:00', '0000-00-00 00:00:00'),
(134, '5JWQ8I', 60, 1, '2022-01-12 19:21:04', '0000-00-00 00:00:00'),
(135, 'HEWPX9', 60, 1, '2022-01-12 19:21:04', '0000-00-00 00:00:00'),
(136, 'ADJ90V', 20001, 1, '2022-01-13 11:00:05', '0000-00-00 00:00:00');

-- --------------------------------------------------------

--
-- Table structure for table `mst_friends`
--

CREATE TABLE `mst_friends` (
  `friend_id` bigint(20) NOT NULL,
  `my_id` bigint(20) NOT NULL COMMENT 'Student_id Or Teacher_id',
  `my_type` bigint(20) NOT NULL COMMENT '1=Student, 2=Teacher',
  `other_user_id` bigint(20) NOT NULL COMMENT 'Student_id Or Teacher_id',
  `other_user_type` bigint(20) NOT NULL COMMENT '1=Student, 2=Teacher',
  `sender_id` bigint(20) NOT NULL,
  `sender_type` bigint(20) NOT NULL,
  `status` bigint(20) NOT NULL COMMENT '1=Pending, 2=Friend',
  `entry_Date` datetime NOT NULL
) ENGINE=InnoDB DEFAULT CHARSET=latin1;

--
-- Dumping data for table `mst_friends`
--

INSERT INTO `mst_friends` (`friend_id`, `my_id`, `my_type`, `other_user_id`, `other_user_type`, `sender_id`, `sender_type`, `status`, `entry_Date`) VALUES
(2, 6, 1, 10, 2, 0, 0, 2, '0000-00-00 00:00:00'),
(5, 2, 2, 1, 2, 0, 0, 2, '2021-12-25 13:01:18'),
(6, 6, 1, 13, 1, 0, 0, 2, '2021-12-28 17:15:09'),
(9, 6, 2, 2, 1, 0, 0, 2, '2021-12-28 16:47:32'),
(13, 6, 1, 13, 1, 0, 0, 2, '2021-12-29 13:09:16'),
(15, 37, 1, 13, 1, 0, 0, 2, '2022-01-04 11:41:19'),
(17, 37, 1, 6, 1, 0, 0, 2, '2022-01-01 18:28:23'),
(19, 37, 1, 12, 1, 0, 0, 2, '2022-01-01 18:30:16'),
(20, 43, 1, 6, 1, 0, 0, 2, '2022-01-06 12:21:41'),
(31, 3, 2, 6, 1, 0, 0, 2, '2022-01-08 17:44:32'),
(33, 3, 2, 3, 2, 0, 0, 2, '2022-01-08 17:44:31'),
(34, 3, 2, 4, 2, 0, 0, 2, '2022-01-08 17:44:27'),
(35, 3, 2, 5, 2, 0, 0, 2, '2022-01-08 17:44:26'),
(36, 3, 2, 43, 1, 0, 0, 2, '2022-01-08 17:44:26'),
(37, 3, 2, 4, 1, 0, 0, 2, '2022-01-08 17:44:25'),
(38, 3, 2, 5, 1, 0, 0, 2, '2022-01-08 17:44:24'),
(39, 3, 2, 38, 1, 0, 0, 2, '2022-01-08 17:44:23'),
(40, 3, 2, 8, 1, 0, 0, 2, '2022-01-08 17:44:23'),
(41, 3, 2, 13, 1, 0, 0, 2, '2022-01-08 17:44:22'),
(42, 3, 2, 8, 2, 0, 0, 2, '2022-01-08 17:44:21'),
(43, 3, 2, 11, 1, 0, 0, 2, '2022-01-08 17:44:20'),
(44, 3, 2, 37, 1, 0, 0, 2, '2022-01-08 17:44:19'),
(45, 3, 2, 7, 2, 0, 0, 2, '2022-01-08 17:44:16'),
(46, 3, 2, 12, 1, 0, 0, 2, '2022-01-08 17:44:15'),
(47, 3, 2, 2, 2, 0, 0, 2, '2022-01-08 17:44:14'),
(48, 3, 2, 6, 2, 0, 0, 2, '2022-01-08 17:44:13'),
(49, 3, 2, 10, 2, 0, 0, 2, '2022-01-08 17:44:12'),
(50, 3, 2, 41, 1, 0, 0, 2, '2022-01-08 17:44:12'),
(51, 3, 2, 42, 1, 0, 0, 2, '2022-01-08 17:44:11'),
(52, 3, 2, 15, 1, 0, 0, 2, '2022-01-08 17:44:10'),
(53, 3, 2, 34, 1, 0, 0, 2, '2022-01-08 17:44:08'),
(54, 3, 2, 10, 1, 0, 0, 2, '2022-01-08 17:03:36'),
(55, 46, 1, 6, 1, 0, 0, 2, '2022-01-10 13:41:20'),
(56, 46, 1, 7, 1, 0, 0, 2, '2022-01-22 22:14:03'),
(57, 46, 1, 3, 2, 0, 0, 2, '2022-01-10 16:53:02'),
(58, 46, 1, 4, 2, 0, 0, 2, '2022-01-10 16:53:01'),
(59, 46, 1, 5, 2, 0, 0, 2, '2022-01-10 16:53:00'),
(60, 46, 1, 44, 1, 0, 0, 2, '2022-01-10 16:53:00'),
(61, 46, 1, 46, 1, 0, 0, 2, '2022-01-10 16:52:59'),
(62, 52, 1, 45, 1, 0, 0, 2, '2022-01-10 16:52:58'),
(63, 52, 1, 43, 1, 0, 0, 2, '2022-01-10 16:52:57'),
(64, 52, 1, 38, 1, 0, 0, 2, '2022-01-10 16:52:57'),
(65, 52, 1, 37, 1, 0, 0, 2, '2022-01-10 16:52:56'),
(66, 46, 1, 12, 1, 0, 0, 2, '2022-01-10 16:53:04'),
(67, 46, 1, 10, 2, 0, 0, 2, '2022-01-10 16:53:05'),
(68, 46, 1, 52, 1, 0, 0, 2, '2022-01-10 16:52:54'),
(80, 7, 1, 54, 1, 0, 0, 2, '2022-01-22 22:13:51'),
(84, 54, 1, 3, 2, 0, 0, 2, '2022-01-22 22:13:57'),
(85, 54, 1, 5, 2, 0, 0, 2, '2022-01-22 22:14:01'),
(87, 54, 1, 52, 1, 0, 0, 2, '2022-01-22 21:53:49'),
(88, 52, 1, 1, 1, 0, 0, 2, '2022-04-26 22:48:50'),
(89, 54, 1, 14, 2, 0, 0, 2, '2022-05-18 16:49:57'),
(90, 54, 1, 4, 2, 0, 0, 2, '2022-05-18 16:49:59'),
(91, 54, 1, 15, 2, 0, 0, 2, '2022-05-18 16:50:00'),
(92, 54, 1, 16, 2, 0, 0, 2, '2022-05-18 16:50:03'),
(93, 54, 1, 46, 1, 0, 0, 2, '2022-05-18 16:50:11'),
(94, 54, 1, 45, 1, 0, 0, 2, '2022-05-18 16:50:13'),
(95, 54, 1, 13, 2, 0, 0, 2, '2022-05-18 16:50:14');

-- --------------------------------------------------------

--
-- Table structure for table `mst_join_campaign`
--

CREATE TABLE `mst_join_campaign` (
  `join_id` bigint(20) NOT NULL,
  `user_id` bigint(20) NOT NULL,
  `user_type` bigint(20) NOT NULL,
  `campaign_id` bigint(20) NOT NULL,
  `point` bigint(20) NOT NULL,
  `complate_timer` bigint(20) NOT NULL DEFAULT 0,
  `status` bigint(20) NOT NULL COMMENT '1=Complate, 2=Not Compate',
  `entry_date` datetime NOT NULL,
  `update_date` datetime NOT NULL
) ENGINE=InnoDB DEFAULT CHARSET=latin1;

--
-- Dumping data for table `mst_join_campaign`
--

INSERT INTO `mst_join_campaign` (`join_id`, `user_id`, `user_type`, `campaign_id`, `point`, `complate_timer`, `status`, `entry_date`, `update_date`) VALUES
(1, 1, 2, 1, 140, 0, 1, '2021-12-30 04:10:09', '0000-00-00 00:00:00'),
(2, 1, 2, 1, 120, 0, 2, '2021-12-30 04:10:09', '0000-00-00 00:00:00'),
(3, 13, 1, 1, 140, 0, 1, '2021-12-30 04:10:09', '0000-00-00 00:00:00'),
(4, 1, 2, 1, 120, 0, 2, '2021-12-30 04:10:09', '0000-00-00 00:00:00'),
(5, 13, 1, 1, 140, 0, 1, '2021-12-31 04:10:09', '0000-00-00 00:00:00'),
(6, 6, 1, 2, 200, 0, 1, '2022-01-01 15:49:20', '0000-00-00 00:00:00'),
(7, 8, 1, 48, 250, 0, 1, '2022-01-05 10:18:46', '2022-01-05 18:36:54'),
(10, 8, 1, 45, 0, 0, 1, '2022-01-05 17:14:19', '0000-00-00 00:00:00'),
(11, 8, 1, 48, 241, 0, 1, '2022-01-05 10:18:46', '2022-01-05 18:36:54'),
(12, 7, 1, 48, 240, 0, 1, '2022-01-05 10:18:46', '2022-01-05 18:36:54'),
(13, 7, 1, 48, 240, 0, 1, '2022-01-05 10:18:46', '2022-01-05 18:36:54'),
(14, 7, 1, 48, 240, 0, 1, '2022-01-05 10:18:46', '2022-01-05 18:36:54'),
(15, 7, 1, 48, 240, 0, 1, '2022-01-05 10:18:46', '2022-01-05 18:36:54'),
(16, 7, 1, 48, 240, 0, 1, '2022-01-05 10:18:46', '2022-01-05 18:36:54'),
(17, 7, 1, 48, 240, 0, 1, '2022-01-05 10:18:46', '2022-01-05 18:36:54'),
(18, 7, 1, 48, 240, 0, 1, '2022-01-05 10:18:46', '2022-01-05 18:36:54'),
(19, 7, 1, 48, 240, 0, 1, '2022-01-05 10:18:46', '2022-01-05 18:36:54'),
(20, 7, 1, 48, 240, 0, 1, '2022-01-05 10:18:46', '2022-01-05 18:36:54'),
(21, 7, 1, 48, 240, 0, 1, '2022-01-05 10:18:46', '2022-01-05 18:36:54'),
(22, 7, 1, 48, 240, 0, 1, '2022-01-05 10:18:46', '2022-01-05 18:36:54'),
(23, 7, 1, 48, 240, 0, 1, '2022-01-05 10:18:46', '2022-01-05 18:36:54'),
(24, 7, 1, 48, 240, 0, 1, '2022-01-05 10:18:46', '2022-01-05 18:36:54'),
(25, 7, 1, 48, 240, 0, 1, '2022-01-05 10:18:46', '2022-01-05 18:36:54'),
(26, 7, 1, 48, 240, 0, 1, '2022-01-05 10:18:46', '2022-01-05 18:36:54'),
(27, 7, 1, 48, 240, 0, 1, '2022-01-05 10:18:46', '2022-01-05 18:36:54'),
(28, 7, 1, 48, 240, 0, 1, '2022-01-05 10:18:46', '2022-01-05 18:36:54'),
(29, 7, 1, 48, 240, 0, 1, '2022-01-05 10:18:46', '2022-01-05 18:36:54'),
(30, 7, 1, 48, 240, 0, 1, '2022-01-05 10:18:46', '2022-01-05 18:36:54'),
(31, 7, 1, 48, 240, 0, 1, '2022-01-05 10:18:46', '2022-01-05 18:36:54'),
(32, 7, 1, 48, 240, 0, 1, '2022-01-05 10:18:46', '2022-01-05 18:36:54'),
(33, 7, 1, 48, 240, 0, 1, '2022-01-05 10:18:46', '2022-01-05 18:36:54'),
(34, 7, 1, 48, 240, 0, 1, '2022-01-05 10:18:46', '2022-01-05 18:36:54'),
(35, 7, 1, 48, 240, 0, 1, '2022-01-05 10:18:46', '2022-01-05 18:36:54'),
(36, 7, 1, 48, 240, 0, 1, '2022-01-05 10:18:46', '2022-01-05 18:36:54'),
(37, 7, 1, 48, 240, 0, 1, '2022-01-05 10:18:46', '2022-01-05 18:36:54'),
(38, 7, 1, 48, 240, 0, 1, '2022-01-05 10:18:46', '2022-01-05 18:36:54'),
(39, 7, 1, 48, 240, 0, 1, '2022-01-05 10:18:46', '2022-01-05 18:36:54'),
(40, 7, 1, 48, 240, 0, 1, '2022-01-05 10:18:46', '2022-01-05 18:36:54'),
(41, 3, 2, 44, 0, 0, 1, '2022-01-08 11:41:00', '2022-01-08 11:41:32'),
(42, 3, 2, 54, 0, 0, 1, '2022-01-08 11:41:40', '2022-01-08 11:41:58'),
(46, 3, 2, 54, 0, 0, 1, '2022-01-08 11:41:40', '2022-01-08 11:41:58'),
(48, 3, 2, 54, 0, 0, 1, '2022-01-08 11:41:40', '2022-01-08 11:41:58'),
(50, 3, 2, 54, 0, 0, 1, '2022-01-08 11:41:40', '2022-01-08 11:41:58'),
(52, 3, 2, 54, 0, 0, 1, '2022-01-08 11:41:40', '2022-01-08 11:41:58'),
(54, 3, 2, 54, 0, 0, 1, '2022-01-08 11:41:40', '2022-01-08 11:41:58'),
(56, 3, 2, 54, 0, 0, 1, '2022-01-08 11:41:40', '2022-01-08 11:41:58'),
(58, 3, 2, 54, 0, 0, 1, '2022-01-08 11:41:40', '2022-01-08 11:41:58'),
(60, 3, 2, 54, 0, 0, 1, '2022-01-08 11:41:40', '2022-01-08 11:41:58'),
(62, 3, 2, 54, 0, 0, 1, '2022-01-08 11:41:40', '2022-01-08 11:41:58'),
(64, 3, 2, 54, 0, 0, 1, '2022-01-08 11:41:40', '2022-01-08 11:41:58'),
(66, 3, 2, 54, 0, 0, 1, '2022-01-08 11:41:40', '2022-01-08 11:41:58'),
(68, 3, 2, 54, 0, 0, 1, '2022-01-08 11:41:40', '2022-01-08 11:41:58'),
(70, 3, 2, 54, 0, 0, 1, '2022-01-08 11:41:40', '2022-01-08 11:41:58'),
(72, 3, 2, 54, 0, 0, 1, '2022-01-08 11:41:40', '2022-01-08 11:41:58'),
(74, 10, 1, 54, 10, 0, 1, '2022-01-10 11:41:40', '2022-01-08 11:41:58'),
(76, 3, 2, 54, 0, 0, 1, '2022-01-08 11:41:40', '2022-01-08 11:41:58'),
(78, 3, 2, 54, 0, 0, 1, '2022-01-08 11:41:40', '2022-01-08 11:41:58'),
(80, 3, 2, 54, 0, 0, 1, '2022-01-08 11:41:40', '2022-01-08 11:41:58'),
(82, 3, 2, 54, 0, 0, 1, '2022-01-08 11:41:40', '2022-01-08 11:41:58'),
(83, 7, 1, 45, 15, 0, 1, '2022-01-10 12:27:43', '0000-00-00 00:00:00'),
(84, 3, 2, 45, 10, 0, 1, '2022-01-08 11:41:40', '2022-01-08 11:41:58'),
(86, 44, 1, 136, 35, 0, 1, '2022-01-11 16:55:31', '2022-05-19 11:38:13'),
(96, 46, 1, 52, 150, 0, 1, '2022-01-11 11:40:28', '0000-00-00 00:00:00'),
(101, 46, 1, 136, 15, 0, 1, '2022-01-11 12:38:32', '2022-01-28 23:54:34'),
(102, 7, 1, 123, 0, 0, 1, '2022-01-22 23:29:05', '0000-00-00 00:00:00'),
(105, 7, 1, 54, 0, 0, 1, '2022-01-28 22:30:33', '0000-00-00 00:00:00'),
(106, 54, 1, 47, 10, 0, 1, '2022-05-04 22:29:06', '0000-00-00 00:00:00'),
(107, 54, 1, 54, 5, 0, 1, '2022-05-17 20:34:40', '0000-00-00 00:00:00'),
(108, 7, 1, 126, 30, 18404, 1, '2022-02-25 23:22:03', '2022-02-25 23:22:13'),
(122, 52, 1, 126, 30, 17404, 1, '2022-03-20 17:27:54', '2022-03-20 17:27:59'),
(146, 54, 1, 137, 10, 6809, 1, '2022-05-20 19:40:20', '2022-05-19 19:40:23'),
(151, 54, 1, 136, 0, 7781, 1, '2022-05-19 20:17:25', '2022-05-19 20:17:30');

-- --------------------------------------------------------

--
-- Table structure for table `mst_notes`
--

CREATE TABLE `mst_notes` (
  `note_id` bigint(20) NOT NULL,
  `user_id` bigint(20) NOT NULL,
  `user_type` bigint(20) NOT NULL,
  `notes` text NOT NULL,
  `entry_date` datetime NOT NULL
) ENGINE=InnoDB DEFAULT CHARSET=latin1;

--
-- Dumping data for table `mst_notes`
--

INSERT INTO `mst_notes` (`note_id`, `user_id`, `user_type`, `notes`, `entry_date`) VALUES
(11, 6, 1, 'Todays December notice show here', '2021-12-30 10:58:46'),
(12, 6, 1, 'Today Notes show ', '2021-12-30 13:11:08'),
(13, 9, 1, 'Notice for Commerece Student', '2021-12-30 10:59:32'),
(15, 6, 1, 'Holidays Notice ', '2021-12-30 12:42:53'),
(17, 6, 1, 'NotesNew', '2021-12-30 13:21:47'),
(18, 6, 1, 'note december', '2021-12-31 11:02:19'),
(20, 6, 1, 'new test note', '2021-12-31 11:02:50'),
(21, 6, 1, 'send notes', '2021-12-31 11:04:06'),
(26, 37, 1, 'Notice add currently', '2021-12-31 16:30:46'),
(27, 37, 1, 'Science Notice', '2022-01-01 16:48:59'),
(28, 3, 2, 'First notes gg', '2022-01-08 16:12:41');

-- --------------------------------------------------------

--
-- Table structure for table `mst_plans`
--

CREATE TABLE `mst_plans` (
  `plan_id` bigint(20) NOT NULL,
  `plan_name` varchar(1024) NOT NULL,
  `plan_amount` bigint(20) NOT NULL,
  `plan_month` bigint(20) NOT NULL COMMENT 'Month Number',
  `status` bigint(20) NOT NULL COMMENT '1=Active, 2=InActive',
  `entry_date` datetime NOT NULL,
  `update_date` datetime NOT NULL
) ENGINE=InnoDB DEFAULT CHARSET=latin1;

--
-- Dumping data for table `mst_plans`
--

INSERT INTO `mst_plans` (`plan_id`, `plan_name`, `plan_amount`, `plan_month`, `status`, `entry_date`, `update_date`) VALUES
(1, 'Silver Plan', 300, 3, 1, '2021-12-25 02:11:15', '2021-12-25 05:13:13'),
(2, 'Golden Plan', 2000, 4, 1, '2021-12-25 02:11:15', '2021-12-25 05:13:13'),
(3, 'Platinum Plan', 1200, 12, 1, '2021-12-25 02:11:15', '2021-12-25 05:13:13'),
(6, 'Special Plan', 2000, 2, 2, '0000-00-00 00:00:00', '2022-01-13 12:28:54'),
(12, 'New Plan', 4000, 2, 2, '0000-00-00 00:00:00', '2022-01-13 12:28:52'),
(14, 'new plan show', 1000, 13, 2, '0000-00-00 00:00:00', '2022-01-10 11:37:49'),
(15, 'Admin plan tester', 2000, 2, 2, '0000-00-00 00:00:00', '2022-01-10 10:44:11'),
(16, 'abcd', 200, 6, 2, '0000-00-00 00:00:00', '2022-01-13 12:28:49'),
(17, 'acdafyujhyf', 120, 45, 2, '0000-00-00 00:00:00', '2022-09-29 22:24:39');

-- --------------------------------------------------------

--
-- Table structure for table `mst_question`
--

CREATE TABLE `mst_question` (
  `question_id` bigint(20) NOT NULL,
  `user_id` bigint(20) NOT NULL,
  `user_type` bigint(20) NOT NULL COMMENT '1=Student, 2=Teacher',
  `question_text` varchar(1024) NOT NULL,
  `question_Image` varchar(50) NOT NULL,
  `question_video` varchar(50) NOT NULL,
  `pdf_file` text NOT NULL,
  `option_type` bigint(20) NOT NULL COMMENT '1=With Option, 2=Without Option',
  `post_type` bigint(20) NOT NULL COMMENT '1=Post, 2=Question',
  `right_answer` varchar(1024) NOT NULL,
  `timer` bigint(20) NOT NULL COMMENT 'Default=0',
  `option_a` varchar(1024) NOT NULL,
  `option_b` varchar(1024) NOT NULL,
  `option_c` varchar(1024) NOT NULL,
  `option_d` varchar(1024) NOT NULL,
  `status` bigint(20) NOT NULL COMMENT '1=Active, 2=InActive',
  `entry_date` datetime NOT NULL,
  `update_date` datetime NOT NULL
) ENGINE=InnoDB DEFAULT CHARSET=latin1;

--
-- Dumping data for table `mst_question`
--

INSERT INTO `mst_question` (`question_id`, `user_id`, `user_type`, `question_text`, `question_Image`, `question_video`, `pdf_file`, `option_type`, `post_type`, `right_answer`, `timer`, `option_a`, `option_b`, `option_c`, `option_d`, `status`, `entry_date`, `update_date`) VALUES
(8, 2, 2, '1TB=......?', '', '', '', 0, 1, '1024 GB', 0, '1022 GB', '1080 GB', '1024 GB', '1000 GB', 0, '2021-12-25 16:22:14', '0000-00-00 00:00:00'),
(9, 4, 1, 'First Post', '', '', '', 0, 1, '', 0, '', '', '', '', 0, '2021-12-25 16:22:35', '0000-00-00 00:00:00'),
(10, 1, 2, 'First Post', '', '', '', 0, 1, '', 0, '', '', '', '', 0, '2021-12-25 16:51:54', '0000-00-00 00:00:00'),
(11, 37, 1, 'first question', 'Image_1641024340.jpg', '', '', 2, 2, 'Select Right Answer', 10, '', '', '', '', 1, '2021-12-27 12:26:20', '2022-01-01 13:41:01'),
(12, 6, 1, 'What is Mscit', 'Q2.jpg', '', '', 2, 2, 'Master of science in computer and information technology', 10, '', '', '', '', 1, '2021-12-27 12:28:27', '0000-00-00 00:00:00'),
(13, 8, 1, 'gjjfg', '1640593896.jpg', '', '', 2, 2, 'Abc', 10, '', '', '', '', 1, '2021-12-27 12:31:10', '0000-00-00 00:00:00'),
(14, 8, 1, 'abcd', '', 'Video_1640600229.mp4', '', 1, 2, 'C', 20, 'a', 'b', 'c', 'd', 1, '2021-12-27 13:14:07', '2021-12-27 15:47:09'),
(15, 6, 1, 'What Is Full Form Of BCA', '', 'Video_1640845014.3gp', '', 2, 2, 'Becholar of computer application', 10, '', '', '', '', 2, '2021-12-30 11:46:54', '0000-00-00 00:00:00'),
(16, 1, 2, 'Who develop Java programming?', '', '', '', 0, 1, 'James Gosling', 0, 'James roman', 'James selmon', 'James robins', 'James Gosling', 0, '2021-12-30 11:54:28', '0000-00-00 00:00:00'),
(17, 6, 1, 'What Is Science', 'Q1.jpg', 'Video_1640845626.mp4', '', 2, 2, 'Science is......', 5, '', '', '', '', 1, '2021-12-30 11:57:06', '0000-00-00 00:00:00'),
(18, 6, 1, 'Who is father of internet?', 'Q1.jpg', 'Video_1640600229.mp4', '', 0, 1, 'Vint Cerf', 0, '', '', '', '', 1, '2021-12-30 12:13:27', '2022-01-10 14:07:11'),
(19, 37, 1, 'Who created c programming', 'Q2.jpg', '', '', 0, 1, 'Denis ritchie', 0, 'robbines', 'denis selmon', 'Denis ritchie', 'non of above', 1, '2021-12-30 13:28:10', '2022-01-01 16:51:15'),
(20, 37, 1, 'what is Full form of CA?', 'Image_1641038554.jpg', '', '', 2, 2, 'Charted Accountenr', 30, 'Charted ac', 'charted accountss', 'charted Accountenr', 'charter acomplish', 1, '2022-01-01 17:31:30', '2022-01-01 17:32:34'),
(21, 3, 2, 'what is 2+3', '', '', '', 2, 2, '5', 20, '', '', '', '', 1, '2022-01-08 11:25:26', '0000-00-00 00:00:00'),
(22, 3, 2, 'how are you everyone?', '', '', '', 0, 1, '', 0, '', '', '', '', 1, '2022-01-08 11:27:57', '0000-00-00 00:00:00'),
(23, 3, 2, 'video', '', '', '', 0, 1, '', 0, '', '', '', '', 1, '2022-01-08 11:30:06', '0000-00-00 00:00:00'),
(24, 3, 2, 'second question', '', '', '', 2, 2, 'abcd', 20, '', '', '', '', 1, '2022-01-08 11:32:04', '0000-00-00 00:00:00'),
(25, 3, 2, 'ndjdj', 'Image_1641621825.jpg', '', '', 0, 1, '', 0, '', '', '', '', 1, '2022-01-08 11:33:45', '0000-00-00 00:00:00'),
(26, 3, 2, '', '', 'Video_1641649700.mp4', '', 0, 1, '', 0, '', '', '', '', 1, '2022-01-08 19:18:20', '0000-00-00 00:00:00'),
(27, 46, 1, 'video', '', 'Video_1641796331.mp4', '', 0, 1, '', 0, '', '', '', '', 1, '2022-01-10 12:02:11', '2022-01-10 12:03:00'),
(28, 46, 1, '', '', 'Video_1641796447.mp4', '', 2, 2, 'ndbd', 20, '', '', '', '', 1, '2022-01-10 12:04:07', '2022-01-10 14:06:50'),
(29, 6, 1, 'What Is Full Form Of BCA', '', 'Video_1640845014.3gp', '', 2, 2, 'Becholar of computer application', 10, '', '', '', '', 2, '2021-12-30 11:46:54', '0000-00-00 00:00:00'),
(30, 6, 1, 'What Is Full Form Of BCA', '', '', '', 2, 2, 'Becholar of computer application', 10, '', '', '', '', 2, '2021-12-30 11:46:54', '0000-00-00 00:00:00'),
(31, 6, 1, '', '', 'Video_1640845014.3gp', '', 2, 2, 'Becholar of computer application', 10, '', '', '', '', 2, '2021-12-30 11:46:54', '0000-00-00 00:00:00'),
(32, 6, 1, '', '', 'Video_1640845014.3gp', '', 2, 2, 'Becholar of computer application', 10, '', '', '', '', 2, '2021-12-30 11:46:54', '0000-00-00 00:00:00'),
(33, 6, 1, 'What Is Full Form Of BCA', '', '', '', 2, 2, 'Becholar of computer application', 10, '', '', '', '', 2, '2021-12-30 11:46:54', '0000-00-00 00:00:00'),
(34, 6, 1, 'What Is Full Form Of BCA', '', 'Video_1640845014.3gp', '', 2, 2, 'Becholar of computer application', 10, '', '', '', '', 2, '2021-12-30 11:46:54', '0000-00-00 00:00:00'),
(35, 6, 1, '', '', 'Video_1640845014.3gp', '', 2, 2, 'Becholar of computer application', 10, '', '', '', '', 2, '2021-12-30 11:46:54', '0000-00-00 00:00:00'),
(36, 6, 1, 'What Is Full Form Of BCA', '', '', '', 2, 2, 'Becholar of computer application', 10, '', '', '', '', 2, '2021-12-30 11:46:54', '0000-00-00 00:00:00'),
(37, 6, 1, 'What Is Full Form Of BCA', '', 'Video_1640845014.3gp', '', 2, 2, 'Becholar of computer application', 10, '', '', '', '', 2, '2021-12-30 11:46:54', '0000-00-00 00:00:00'),
(38, 6, 1, '', '', 'Video_1640845014.3gp', '', 2, 2, 'Becholar of computer application', 10, '', '', '', '', 2, '2021-12-30 11:46:54', '0000-00-00 00:00:00'),
(39, 6, 1, 'What Is Full Form Of BCA', '', '', '', 2, 2, 'Becholar of computer application', 10, '', '', '', '', 2, '2021-12-30 11:46:54', '0000-00-00 00:00:00'),
(40, 6, 1, 'What Is Full Form Of BCA', '', 'Video_1640845014.3gp', '', 2, 2, 'Becholar of computer application', 10, '', '', '', '', 2, '2021-12-30 11:46:54', '0000-00-00 00:00:00'),
(41, 6, 1, '', '', 'Video_1640845014.3gp', '', 2, 2, 'Becholar of computer application', 10, '', '', '', '', 2, '2021-12-30 11:46:54', '0000-00-00 00:00:00'),
(42, 6, 1, 'What Is Full Form Of BCA', '', '', '', 2, 2, 'Becholar of computer application', 10, '', '', '', '', 2, '2021-12-30 11:46:54', '0000-00-00 00:00:00'),
(43, 6, 1, 'What Is Full Form Of BCA', '', 'Video_1640845014.3gp', '', 2, 2, 'Becholar of computer application', 10, '', '', '', '', 2, '2021-12-30 11:46:54', '0000-00-00 00:00:00'),
(44, 6, 1, '', '', 'Video_1640845014.3gp', '', 2, 2, 'Becholar of computer application', 10, '', '', '', '', 2, '2021-12-30 11:46:54', '0000-00-00 00:00:00'),
(45, 6, 1, 'What Is Full Form Of BCA', '', '', '', 2, 2, 'Becholar of computer application', 10, '', '', '', '', 2, '2021-12-30 11:46:54', '0000-00-00 00:00:00'),
(46, 6, 1, 'What Is Full Form Of BCA', '', 'Video_1640845014.3gp', '', 2, 2, 'Becholar of computer application', 10, '', '', '', '', 2, '2021-12-30 11:46:54', '0000-00-00 00:00:00'),
(47, 6, 1, '', '', 'Video_1640845014.3gp', '', 2, 2, 'Becholar of computer application', 10, '', '', '', '', 2, '2021-12-30 11:46:54', '0000-00-00 00:00:00'),
(48, 6, 1, 'What Is Full Form Of BCA', '', '', '', 2, 2, 'Becholar of computer application', 10, '', '', '', '', 2, '2021-12-30 11:46:54', '0000-00-00 00:00:00'),
(49, 6, 1, 'What Is Full Form Of BCA', '', 'Video_1640845014.3gp', '', 2, 2, 'Becholar of computer application', 10, '', '', '', '', 2, '2021-12-30 11:46:54', '0000-00-00 00:00:00'),
(50, 6, 1, '', '', 'Video_1640845014.3gp', '', 2, 2, 'Becholar of computer application', 10, '', '', '', '', 2, '2021-12-30 11:46:54', '0000-00-00 00:00:00'),
(51, 6, 1, 'What Is Full Form Of BCA', '', '', '', 2, 2, 'Becholar of computer application', 10, '', '', '', '', 2, '2021-12-30 11:46:54', '0000-00-00 00:00:00'),
(52, 6, 1, 'What Is Full Form Of BCA', '', 'Video_1640845014.3gp', '', 2, 2, 'Becholar of computer application', 10, '', '', '', '', 2, '2021-12-30 11:46:54', '0000-00-00 00:00:00'),
(53, 6, 1, '', '', 'Video_1640845014.3gp', '', 2, 2, 'Becholar of computer application', 10, '', '', '', '', 2, '2021-12-30 11:46:54', '0000-00-00 00:00:00'),
(54, 6, 1, 'What Is Full Form Of BCA', '', '', '', 2, 2, 'Becholar of computer application', 10, '', '', '', '', 2, '2021-12-30 11:46:54', '0000-00-00 00:00:00'),
(55, 6, 1, 'What Is Full Form Of BCA', '', 'Video_1640845014.3gp', '', 2, 2, 'Becholar of computer application', 10, '', '', '', '', 2, '2021-12-30 11:46:54', '0000-00-00 00:00:00'),
(56, 6, 1, '', '', 'Video_1640845014.3gp', '', 2, 2, 'Becholar of computer application', 10, '', '', '', '', 2, '2021-12-30 11:46:54', '0000-00-00 00:00:00'),
(57, 6, 1, 'What Is Full Form Of BCA', '', '', '', 2, 2, 'Becholar of computer application', 10, '', '', '', '', 2, '2021-12-30 11:46:54', '0000-00-00 00:00:00'),
(58, 6, 1, 'What Is Full Form Of BCA', '', 'Video_1640845014.3gp', '', 2, 2, 'Becholar of computer application', 10, '', '', '', '', 2, '2021-12-30 11:46:54', '0000-00-00 00:00:00'),
(59, 6, 1, '', '', 'Video_1640845014.3gp', '', 2, 2, 'Becholar of computer application', 10, '', '', '', '', 2, '2021-12-30 11:46:54', '0000-00-00 00:00:00'),
(60, 6, 1, 'What Is Full Form Of BCA', '', '', '', 2, 2, 'Becholar of computer application', 10, '', '', '', '', 2, '2021-12-30 11:46:54', '0000-00-00 00:00:00'),
(61, 6, 1, 'What Is Full Form Of BCA', '', 'Video_1640845014.3gp', '', 2, 2, 'Becholar of computer application', 10, '', '', '', '', 2, '2021-12-30 11:46:54', '0000-00-00 00:00:00'),
(62, 6, 1, '', '', 'Video_1640845014.3gp', '', 2, 2, 'Becholar of computer application', 10, '', '', '', '', 2, '2021-12-30 11:46:54', '0000-00-00 00:00:00'),
(63, 6, 1, 'What Is Full Form Of BCA', '', '', '', 2, 2, 'Becholar of computer application', 10, '', '', '', '', 2, '2021-12-30 11:46:54', '0000-00-00 00:00:00'),
(64, 6, 1, 'What Is Full Form Of BCA', '', 'Video_1640845014.3gp', '', 2, 2, 'Becholar of computer application', 10, '', '', '', '', 2, '2021-12-30 11:46:54', '0000-00-00 00:00:00'),
(65, 6, 1, '', '', 'Video_1640845014.3gp', '', 2, 2, 'Becholar of computer application', 10, '', '', '', '', 2, '2021-12-30 11:46:54', '0000-00-00 00:00:00'),
(66, 6, 1, 'What Is Full Form Of BCA', '', '', '', 2, 2, 'Becholar of computer application', 10, '', '', '', '', 2, '2021-12-30 11:46:54', '0000-00-00 00:00:00'),
(67, 6, 1, 'What Is Full Form Of BCA', '', 'Video_1640845014.3gp', '', 2, 2, 'Becholar of computer application', 10, '', '', '', '', 2, '2021-12-30 11:46:54', '0000-00-00 00:00:00'),
(68, 6, 1, '', '', 'Video_1640845014.3gp', '', 2, 2, 'Becholar of computer application', 10, '', '', '', '', 2, '2021-12-30 11:46:54', '0000-00-00 00:00:00'),
(69, 6, 1, 'What Is Full Form Of BCA', '', '', '', 2, 2, 'Becholar of computer application', 10, '', '', '', '', 2, '2021-12-30 11:46:54', '0000-00-00 00:00:00'),
(70, 6, 1, 'What Is Full Form Of BCA', '', 'Video_1640845014.3gp', '', 2, 2, 'Becholar of computer application', 10, '', '', '', '', 2, '2021-12-30 11:46:54', '0000-00-00 00:00:00'),
(71, 6, 1, '', '', 'Video_1640845014.3gp', '', 2, 2, 'Becholar of computer application', 10, '', '', '', '', 2, '2021-12-30 11:46:54', '0000-00-00 00:00:00'),
(72, 6, 1, 'What Is Full Form Of BCA', '', '', '', 2, 2, 'Becholar of computer application', 10, '', '', '', '', 2, '2021-12-30 11:46:54', '0000-00-00 00:00:00'),
(73, 6, 1, 'What Is Full Form Of BCA', '', 'Video_1640845014.3gp', '', 2, 2, 'Becholar of computer application', 10, '', '', '', '', 2, '2021-12-30 11:46:54', '0000-00-00 00:00:00'),
(74, 6, 1, '', '', 'Video_1640845014.3gp', '', 2, 2, 'Becholar of computer application', 10, '', '', '', '', 2, '2021-12-30 11:46:54', '0000-00-00 00:00:00'),
(75, 6, 1, 'What Is Full Form Of BCA', '', '', '', 2, 2, 'Becholar of computer application', 10, '', '', '', '', 1, '2021-12-30 11:46:54', '2022-01-13 12:10:19'),
(76, 6, 1, 'What Is Full Form Of BCA', '', 'Video_1640845014.3gp', '', 2, 2, 'Becholar of computer application', 10, '', '', '', '', 2, '2021-12-30 11:46:54', '2022-01-13 12:10:26'),
(77, 6, 1, 'First Post', '', '', '', 0, 1, '', 0, '', '', '', '', 2, '2021-12-25 16:51:54', '2022-01-13 12:10:16'),
(78, 46, 1, 'video sdfsd', '', '', '', 0, 1, '', 0, '', '', '', '', 1, '2022-01-10 12:02:11', '2022-01-10 12:03:00'),
(79, 46, 1, 'video sdfsd', '', '', '', 0, 1, '', 0, '', '', '', '', 1, '2022-01-10 12:02:11', '2022-01-10 12:03:00'),
(80, 46, 1, 'video sdfsd', '', '', '', 0, 1, '', 0, '', '', '', '', 1, '2022-01-10 12:02:11', '2022-01-10 12:03:00'),
(81, 46, 1, 'video sdfsd', '', '', '', 0, 1, '', 0, '', '', '', '', 1, '2022-01-10 12:02:11', '2022-01-10 12:03:00'),
(82, 46, 1, 'video sdfsd', '', '', '', 0, 1, '', 0, '', '', '', '', 1, '2022-01-10 12:02:11', '2022-01-10 12:03:00'),
(83, 46, 1, 'video sdfsd', '', '', '', 0, 1, '', 0, '', '', '', '', 1, '2022-01-10 12:02:11', '2022-01-10 12:03:00'),
(84, 46, 1, 'video sdfsd', '', '', '', 0, 1, '', 0, '', '', '', '', 1, '2022-01-10 12:02:11', '2022-01-10 12:03:00'),
(85, 46, 1, 'video sdfsd', '', '', '', 0, 1, '', 0, '', '', '', '', 1, '2022-01-10 12:02:11', '2022-01-10 12:03:00'),
(86, 46, 1, 'video sdfsd', '', '', '', 0, 1, '', 0, '', '', '', '', 1, '2022-01-10 12:02:11', '2022-01-10 12:03:00'),
(87, 46, 1, 'video sdfsd', '', '', '', 0, 1, '', 0, '', '', '', '', 1, '2022-01-10 12:02:11', '2022-01-10 12:03:00'),
(88, 46, 1, 'video sdfsd', '', '', '', 0, 1, '', 0, '', '', '', '', 1, '2022-01-10 12:02:11', '2022-01-10 12:03:00'),
(89, 46, 1, 'video sdfsd', '', '', '', 0, 1, '', 0, '', '', '', '', 1, '2022-01-10 12:02:11', '2022-01-10 12:03:00'),
(90, 46, 1, 'video sdfsd', '', '', '', 0, 1, '', 0, '', '', '', '', 1, '2022-01-10 12:02:11', '2022-01-10 12:03:00'),
(91, 46, 1, 'video sdfsd', '', '', '', 0, 1, '', 0, '', '', '', '', 1, '2022-01-10 12:02:11', '2022-01-10 12:03:00'),
(92, 46, 1, 'video sdfsd', '', '', '', 0, 1, '', 0, '', '', '', '', 1, '2022-01-10 12:02:11', '2022-01-10 12:03:00'),
(93, 46, 1, 'video sdfsd', '', '', '', 0, 1, '', 0, '', '', '', '', 1, '2022-01-10 12:02:11', '2022-01-10 12:03:00'),
(94, 46, 1, 'video sdfsd', '', '', '', 0, 1, '', 0, '', '', '', '', 1, '2022-01-10 12:02:11', '2022-01-10 12:03:00'),
(95, 46, 1, 'video sdfsd', '', '', '', 0, 1, '', 0, '', '', '', '', 1, '2022-01-10 12:02:11', '2022-01-10 12:03:00'),
(96, 46, 1, 'video sdfsd', '', '', '', 0, 1, '', 0, '', '', '', '', 1, '2022-01-10 12:02:11', '2022-01-10 12:03:00'),
(97, 46, 1, 'video sdfsd', '', '', '', 0, 1, '', 0, '', '', '', '', 1, '2022-01-10 12:02:11', '2022-01-10 12:03:00'),
(98, 46, 1, 'video sdfsd', '', '', '', 0, 1, '', 0, '', '', '', '', 1, '2022-01-10 12:02:11', '2022-01-10 12:03:00'),
(99, 46, 1, 'video sdfsd', '', '', '', 0, 1, '', 0, '', '', '', '', 1, '2022-01-10 12:02:11', '2022-01-10 12:03:00'),
(100, 46, 1, 'video sdfsd', '', '', '', 0, 1, '', 0, '', '', '', '', 1, '2022-01-10 12:02:11', '2022-01-10 12:03:00'),
(101, 46, 1, 'video sdfsd', '', '', '', 0, 1, '', 0, '', '', '', '', 1, '2022-01-10 12:02:11', '2022-01-10 12:03:00'),
(102, 46, 1, 'video sdfsd', '', '', '', 0, 1, '', 0, '', '', '', '', 1, '2022-01-10 12:02:11', '2022-01-10 12:03:00'),
(103, 46, 1, 'video sdfsd', '', '', '', 0, 1, '', 0, '', '', '', '', 1, '2022-01-10 12:02:11', '2022-01-10 12:03:00'),
(104, 46, 1, 'video sdfsd', '', '', '', 0, 1, '', 0, '', '', '', '', 1, '2022-01-10 12:02:11', '2022-01-10 12:03:00'),
(105, 46, 1, 'video sdfsd', '', '', '', 0, 1, '', 0, '', '', '', '', 1, '2022-01-10 12:02:11', '2022-01-10 12:03:00'),
(106, 46, 1, 'video sdfsd', '', '', '', 0, 1, '', 0, '', '', '', '', 1, '2022-01-10 12:02:11', '2022-01-10 12:03:00'),
(107, 46, 1, 'video sdfsd', '', '', '', 0, 1, '', 0, '', '', '', '', 1, '2022-01-10 12:02:11', '2022-01-10 12:03:00'),
(108, 46, 1, 'video sdfsd', '', '', '', 0, 1, '', 0, '', '', '', '', 1, '2022-01-10 12:02:11', '2022-01-10 12:03:00'),
(109, 46, 1, 'video sdfsd', '', '', '', 0, 1, '', 0, '', '', '', '', 1, '2022-01-10 12:02:11', '2022-01-10 12:03:00'),
(110, 46, 1, 'video sdfsd', '', '', '', 0, 1, '', 0, '', '', '', '', 1, '2022-01-10 12:02:11', '2022-01-10 12:03:00'),
(111, 46, 1, 'video sdfsd', '', '', '', 0, 1, '', 0, '', '', '', '', 1, '2022-01-10 12:02:11', '2022-01-10 12:03:00'),
(112, 46, 1, 'video sdfsd', '', '', '', 0, 1, '', 0, '', '', '', '', 1, '2022-01-10 12:02:11', '2022-01-10 12:03:00'),
(113, 46, 1, 'video sdfsd', '', '', '', 0, 1, '', 0, '', '', '', '', 1, '2022-01-10 12:02:11', '2022-01-10 12:03:00'),
(114, 46, 1, 'video sdfsd', '', '', '', 0, 1, '', 0, '', '', '', '', 1, '2022-01-10 12:02:11', '2022-01-10 12:03:00'),
(115, 46, 1, 'video sdfsd', '', '', '', 0, 1, '', 0, '', '', '', '', 1, '2022-01-10 12:02:11', '2022-01-10 12:03:00'),
(116, 46, 1, 'video sdfsd', '', '', '', 0, 1, '', 0, '', '', '', '', 1, '2022-01-10 12:02:11', '2022-01-10 12:03:00'),
(117, 46, 1, 'video sdfsd', '', '', '', 0, 1, '', 0, '', '', '', '', 1, '2022-01-10 12:02:11', '2022-01-10 12:03:00'),
(118, 46, 1, 'video sdfsd', '', '', '', 2, 2, '', 0, '', '', '', '', 1, '2022-01-10 12:02:11', '2022-01-10 12:03:00'),
(119, 46, 1, 'video sdfsd', '', '', '', 2, 2, '', 0, '', '', '', '', 1, '2022-01-10 12:02:11', '2022-01-10 12:03:00'),
(120, 46, 1, 'video sdfsd', '', '', '', 2, 2, '', 0, '', '', '', '', 1, '2022-01-10 12:02:11', '2022-01-10 12:03:00'),
(121, 46, 1, 'video sdfsd', '', '', '', 1, 2, '', 0, 'safdfcsd', 'gds', 'gvdf', 'sdfsd', 1, '2022-01-10 12:02:11', '2022-01-10 12:03:00'),
(122, 46, 1, 'video sdfsd', '', '', '', 1, 2, '', 0, 'dfsd', 'df', 'sdfsd', 'asdfdsa', 1, '2022-01-10 12:02:11', '2022-01-10 12:03:00'),
(123, 46, 1, 'video sdfsd', '', '', '', 1, 2, '', 0, 'asd', 'fdsafd', 'asdfsdf', 'sdafs', 1, '2022-01-10 12:02:11', '2022-01-10 12:03:00'),
(124, 46, 1, 'video sdfsd', '', '', '', 2, 2, '', 0, '', '', '', '', 1, '2022-01-10 12:02:11', '2022-01-10 12:03:00'),
(125, 46, 1, 'video sdfsd', '', '', '', 2, 2, '', 0, '', '', '', '', 1, '2022-01-10 12:02:11', '2022-01-10 12:03:00'),
(126, 7, 1, 'tsvxb x', '', '', '', 2, 2, '', 20, '', '', '', '', 1, '2022-01-25 23:07:47', '0000-00-00 00:00:00'),
(127, 7, 1, 'jfjjdj', '', '', '', 0, 1, '', 0, '', '', '', '', 1, '2022-01-26 21:27:28', '0000-00-00 00:00:00'),
(128, 7, 1, 'abcd', '', '', '', 0, 1, '', 0, '', '', '', '', 1, '2022-03-04 21:59:07', '0000-00-00 00:00:00'),
(129, 7, 1, 'djdj', '', '', '', 1, 2, 'C', 30, 'cf', 'f', 'cc', 'c', 1, '2022-03-10 23:26:00', '0000-00-00 00:00:00'),
(130, 52, 1, 'abcd', '', '', '', 2, 2, 'abcd', 0, '', '', '', '', 1, '2022-04-30 11:58:52', '0000-00-00 00:00:00'),
(131, 1, 1, 'Demo Question', '1651335096.png', '', '', 2, 2, 'Demo Answer', 0, '', '', '', '', 1, '2022-04-30 21:41:36', '0000-00-00 00:00:00'),
(132, 1, 1, 'Demo Post By Admin', '1651335217.png', '', '', 0, 1, '', 0, '', '', '', '', 1, '2022-04-30 21:43:37', '0000-00-00 00:00:00'),
(133, 1, 1, '3rd Question', '1651335276.png', '', '', 1, 2, 'A', 10, 'sfdg', 'sdfg', 'sdf', 'sdf', 1, '2022-04-30 21:44:36', '0000-00-00 00:00:00'),
(134, 1, 1, '3rd Question', '', '', '', 1, 2, 'A', 10, 'aaa', 'bbb', 'ccc', 'ddd', 1, '2022-04-30 22:33:59', '2022-04-30 22:34:29'),
(135, 54, 1, 'ggjgt', '', '', '', 0, 1, '', 0, '', '', '', '', 1, '2022-05-19 20:34:59', '0000-00-00 00:00:00'),
(136, 54, 1, 'abcd', '', '', '', 0, 1, '', 0, '', '', '', '', 1, '2022-05-19 20:38:37', '0000-00-00 00:00:00'),
(137, 54, 1, 'abcd', 'Image_1652973066.jpg', '', 'File_1652972979.pdf', 0, 1, '', 0, '', '', '', '', 1, '2022-05-19 20:39:39', '2022-05-19 20:41:06');

-- --------------------------------------------------------

--
-- Table structure for table `mst_question_answer`
--

CREATE TABLE `mst_question_answer` (
  `q_answer_id` bigint(20) NOT NULL,
  `question_id` bigint(20) NOT NULL,
  `user_id` bigint(20) NOT NULL,
  `user_type` bigint(20) NOT NULL,
  `answer` varchar(1024) NOT NULL,
  `file` varchar(50) NOT NULL,
  `answer_type` int(11) NOT NULL COMMENT '0=pending, 1=Right, 2=Wrong',
  `status` bigint(20) NOT NULL COMMENT '1=show, 2=Hide',
  `entry_date` datetime NOT NULL,
  `update_date` datetime NOT NULL
) ENGINE=InnoDB DEFAULT CHARSET=latin1;

--
-- Dumping data for table `mst_question_answer`
--

INSERT INTO `mst_question_answer` (`q_answer_id`, `question_id`, `user_id`, `user_type`, `answer`, `file`, `answer_type`, `status`, `entry_date`, `update_date`) VALUES
(1, 8, 1, 2, 'Xyz', '', 0, 2, '2021-12-27 03:08:12', '2022-01-12 16:44:19'),
(2, 20, 37, 1, 'Your Answer show.....', '', 0, 1, '2021-12-27 03:08:12', '0000-00-00 00:00:00'),
(3, 8, 1, 2, 'abcd', '', 0, 1, '2021-12-27 10:48:31', '2022-01-12 16:44:17'),
(16, 13, 7, 1, 'B', '', 0, 1, '2021-12-28 12:13:25', '0000-00-00 00:00:00'),
(17, 13, 7, 1, 'B', '', 0, 1, '2021-12-28 12:13:25', '0000-00-00 00:00:00'),
(18, 13, 7, 1, 'B', '', 0, 1, '2021-12-28 12:13:25', '0000-00-00 00:00:00'),
(19, 13, 7, 1, 'B', '', 0, 1, '2021-12-28 12:13:25', '0000-00-00 00:00:00'),
(20, 13, 7, 1, 'B', '', 0, 1, '2021-12-28 12:13:25', '0000-00-00 00:00:00'),
(21, 13, 7, 1, 'B', '', 0, 1, '2021-12-28 12:13:25', '0000-00-00 00:00:00'),
(22, 13, 7, 1, 'B', '', 0, 1, '2021-12-28 12:13:25', '0000-00-00 00:00:00'),
(23, 13, 7, 1, 'B', '', 0, 1, '2021-12-28 12:13:25', '0000-00-00 00:00:00'),
(24, 13, 7, 1, 'B', '', 0, 1, '2021-12-28 12:13:25', '0000-00-00 00:00:00'),
(25, 13, 7, 1, 'B', '', 0, 1, '2021-12-28 12:13:25', '0000-00-00 00:00:00'),
(26, 13, 7, 1, 'B', '', 0, 1, '2021-12-28 12:13:25', '0000-00-00 00:00:00'),
(27, 13, 7, 1, 'B', '', 0, 1, '2021-12-28 12:13:25', '0000-00-00 00:00:00'),
(28, 13, 7, 1, 'B', '', 0, 1, '2021-12-28 12:13:25', '0000-00-00 00:00:00'),
(29, 13, 7, 1, 'B', '', 0, 1, '2021-12-28 12:13:25', '0000-00-00 00:00:00'),
(30, 13, 7, 1, 'B', '', 0, 1, '2021-12-28 12:13:25', '0000-00-00 00:00:00'),
(31, 13, 7, 1, 'B', '', 0, 1, '2021-12-28 12:13:25', '0000-00-00 00:00:00'),
(32, 13, 7, 1, 'B', '', 0, 1, '2021-12-28 12:13:25', '0000-00-00 00:00:00'),
(33, 13, 7, 1, 'B', '', 0, 1, '2021-12-28 12:13:25', '0000-00-00 00:00:00'),
(34, 13, 7, 1, 'B', '', 0, 1, '2021-12-28 12:13:25', '0000-00-00 00:00:00'),
(35, 13, 7, 1, 'B', '', 0, 1, '2021-12-28 12:13:25', '0000-00-00 00:00:00'),
(36, 13, 7, 1, 'B', '', 0, 1, '2021-12-28 12:13:25', '0000-00-00 00:00:00'),
(37, 13, 10, 2, 'B', '', 0, 2, '2021-12-30 12:13:25', '0000-00-00 00:00:00'),
(38, 13, 13, 1, 'B', '', 0, 1, '2021-12-30 12:13:25', '0000-00-00 00:00:00'),
(39, 13, 13, 1, 'B', '', 0, 2, '2021-12-30 12:13:25', '0000-00-00 00:00:00'),
(59, 14, 7, 1, 'C', '', 0, 2, '2021-12-30 12:57:43', '0000-00-00 00:00:00'),
(60, 17, 37, 1, '', '', 0, 1, '2022-04-27 13:47:50', '0000-00-00 00:00:00'),
(61, 24, 45, 1, 'abcd', '', 0, 2, '2022-04-27 18:21:09', '0000-00-00 00:00:00'),
(62, 76, 43, 1, 'sdfsdds', 'File_1640847312.pdf', 0, 1, '2022-04-27 12:05:20', '2022-01-13 11:42:45'),
(63, 75, 38, 1, 'bcfhh', '', 0, 1, '2022-04-30 15:54:06', '0000-00-00 00:00:00'),
(64, 28, 46, 1, 'sdfsd', '', 1, 1, '2022-04-30 18:50:22', '0000-00-00 00:00:00'),
(66, 130, 46, 1, 'df', '', 1, 1, '2022-04-30 12:51:56', '2022-04-30 13:17:53'),
(71, 130, 7, 1, 'D', '', 1, 1, '2022-04-30 20:40:56', '2022-04-30 13:17:52'),
(72, 126, 52, 1, 'gdgr', '', 0, 1, '2022-04-30 20:41:48', '0000-00-00 00:00:00'),
(77, 125, 52, 1, '', '', 0, 1, '2022-04-30 13:19:17', '0000-00-00 00:00:00'),
(78, 129, 52, 1, 'A', '', 0, 1, '2022-04-30 13:42:36', '0000-00-00 00:00:00'),
(79, 129, 52, 1, 'A', '', 0, 1, '2022-04-30 13:43:21', '0000-00-00 00:00:00'),
(80, 129, 52, 1, 'A', '', 2, 1, '2022-04-30 13:47:31', '0000-00-00 00:00:00'),
(81, 134, 54, 1, 'C', '', 1, 1, '2022-05-03 13:47:57', '2022-05-19 11:37:18'),
(82, 129, 54, 1, 'A', '', 2, 1, '2022-05-18 17:36:17', '0000-00-00 00:00:00'),
(83, 130, 54, 1, '', '', 0, 1, '2022-05-18 17:36:30', '0000-00-00 00:00:00'),
(84, 125, 54, 1, '', '', 0, 1, '2022-05-18 17:37:14', '0000-00-00 00:00:00'),
(85, 126, 54, 1, 'evvaav', '', 0, 1, '2022-05-18 17:38:55', '0000-00-00 00:00:00'),
(86, 118, 54, 1, 'ffh', '', 0, 1, '2022-05-18 17:39:16', '0000-00-00 00:00:00'),
(87, 124, 54, 1, '', '', 0, 1, '2022-05-18 17:39:36', '0000-00-00 00:00:00'),
(88, 120, 54, 1, 'dgd', '', 1, 1, '2022-05-18 17:39:41', '0000-00-00 00:00:00'),
(89, 119, 54, 1, 'dfsd', '', 1, 1, '2022-05-18 17:39:43', '0000-00-00 00:00:00'),
(90, 131, 54, 1, 'abcd', '', 1, 1, '2022-05-19 13:12:25', '0000-00-00 00:00:00'),
(91, 133, 54, 1, 'B', '', 2, 1, '2022-05-19 13:24:40', '0000-00-00 00:00:00'),
(92, 134, 46, 1, 'B', '', 2, 1, '2022-05-19 18:12:41', '0000-00-00 00:00:00');

-- --------------------------------------------------------

--
-- Table structure for table `mst_question_comment`
--

CREATE TABLE `mst_question_comment` (
  `q_comment_id` bigint(20) NOT NULL,
  `question_id` bigint(20) NOT NULL,
  `user_id` bigint(20) NOT NULL,
  `user_type` bigint(20) NOT NULL,
  `comment` varchar(1024) NOT NULL,
  `file` varchar(50) NOT NULL,
  `status` bigint(20) NOT NULL COMMENT '1=show, 2=Hide',
  `entry_date` datetime NOT NULL
) ENGINE=InnoDB DEFAULT CHARSET=latin1;

--
-- Dumping data for table `mst_question_comment`
--

INSERT INTO `mst_question_comment` (`q_comment_id`, `question_id`, `user_id`, `user_type`, `comment`, `file`, `status`, `entry_date`) VALUES
(1, 8, 1, 2, 'abcd', '', 1, '2021-12-27 05:12:12'),
(2, 8, 1, 2, 'xyz', '', 1, '2021-12-27 05:12:12'),
(3, 14, 7, 1, 'abcd', '', 1, '2021-12-27 10:48:55'),
(4, 14, 7, 1, 'abcd', '', 1, '2021-12-27 10:48:55'),
(5, 14, 7, 1, 'abcd', '', 1, '2021-12-27 10:48:55'),
(6, 14, 7, 1, 'abcd', '', 1, '2021-12-27 10:48:55'),
(7, 14, 7, 1, 'abcd', '', 1, '2021-12-27 10:48:55'),
(8, 14, 7, 1, 'abcd', '', 1, '2021-12-27 10:48:55'),
(9, 14, 7, 1, 'abcd', '', 1, '2021-12-27 10:48:55'),
(10, 14, 7, 1, 'abcd', '', 1, '2021-12-27 10:48:55'),
(11, 14, 7, 1, 'abcd', '', 1, '2021-12-27 10:48:55'),
(12, 14, 7, 1, 'abcd', '', 1, '2021-12-27 10:48:55'),
(13, 14, 7, 1, 'hii', '', 1, '2021-12-28 16:13:00'),
(14, 14, 7, 1, 'hello', '', 1, '2021-12-28 16:13:55'),
(15, 14, 7, 1, 'ghgfru', '', 1, '2021-12-28 16:14:59'),
(16, 14, 7, 1, 'hggh', '', 1, '2021-12-28 16:16:18'),
(17, 14, 7, 1, 'bghj', '', 1, '2021-12-28 16:16:21'),
(18, 14, 7, 1, 'abcd', '', 1, '2021-12-27 10:48:55'),
(19, 14, 7, 1, 'abcd', '', 1, '2021-12-27 10:48:55'),
(20, 14, 7, 1, 'abcd', '', 1, '2021-12-27 10:48:55'),
(21, 14, 7, 1, 'abcd', '', 1, '2021-12-27 10:48:55'),
(22, 14, 7, 1, 'abcd', '', 1, '2021-12-27 10:48:55'),
(23, 14, 7, 1, 'abcd', '', 1, '2021-12-27 10:48:55'),
(24, 14, 7, 1, 'abcd', '', 1, '2021-12-27 10:48:55'),
(25, 14, 7, 1, 'abcd', '', 1, '2021-12-27 10:48:55'),
(26, 14, 7, 1, 'abcd', '', 1, '2021-12-27 10:48:55'),
(27, 14, 7, 1, 'abcd', '', 1, '2021-12-27 10:48:55'),
(28, 14, 7, 1, 'hii', '', 1, '2021-12-28 16:13:00'),
(29, 14, 7, 1, 'hello', '', 1, '2021-12-28 16:13:55'),
(30, 14, 7, 1, 'ghgfru', '', 1, '2021-12-28 16:14:59'),
(31, 14, 7, 1, 'hggh', '', 1, '2021-12-28 16:16:18'),
(32, 14, 7, 1, 'bghj', '', 1, '2021-12-28 16:16:21'),
(33, 14, 7, 1, 'abcd', '', 1, '2021-12-27 10:48:55'),
(34, 14, 7, 1, 'abcd', '', 1, '2021-12-27 10:48:55'),
(35, 14, 7, 1, 'abcd', '', 1, '2021-12-27 10:48:55'),
(36, 14, 7, 1, 'abcd', '', 1, '2021-12-27 10:48:55'),
(37, 14, 7, 1, 'abcd', '', 1, '2021-12-27 10:48:55'),
(38, 14, 7, 1, 'abcd', '', 1, '2021-12-27 10:48:55'),
(39, 14, 7, 1, 'abcd', '', 1, '2021-12-27 10:48:55'),
(40, 14, 7, 1, 'abcd', '', 1, '2021-12-27 10:48:55'),
(41, 14, 7, 1, 'abcd', '', 1, '2021-12-27 10:48:55'),
(42, 14, 7, 1, 'abcd', '', 1, '2021-12-27 10:48:55'),
(43, 14, 7, 1, 'hii', '', 1, '2021-12-28 16:13:00'),
(44, 14, 7, 1, 'hello', '', 1, '2021-12-28 16:13:55'),
(45, 14, 7, 1, 'ghgfru', '', 1, '2021-12-28 16:14:59'),
(46, 14, 7, 1, 'hggh', '', 1, '2021-12-28 16:16:18'),
(47, 14, 7, 1, 'bghj', '', 1, '2021-12-28 16:16:21'),
(48, 14, 7, 1, 'abcd', '', 1, '2021-12-27 10:48:55'),
(49, 14, 7, 1, 'abcd', '', 1, '2021-12-27 10:48:55'),
(50, 20, 6, 1, 'Comment show now', '', 1, '2021-12-27 10:48:55'),
(51, 14, 7, 1, 'abcd', '', 1, '2021-12-27 10:48:55'),
(52, 14, 7, 1, 'abcd', '', 1, '2021-12-27 10:48:55'),
(53, 14, 7, 1, 'abcd', '', 1, '2021-12-27 10:48:55'),
(54, 14, 7, 1, 'abcd', '', 1, '2021-12-27 10:48:55'),
(55, 14, 7, 1, 'abcd', '', 1, '2021-12-27 10:48:55'),
(56, 14, 7, 1, 'abcd', '', 1, '2021-12-27 10:48:55'),
(57, 14, 7, 1, 'abcd', '', 1, '2021-12-27 10:48:55'),
(58, 14, 7, 1, 'hii', '', 1, '2021-12-28 16:13:00'),
(59, 14, 7, 1, 'hello', '', 1, '2021-12-28 16:13:55'),
(60, 14, 7, 1, 'ghgfru', '', 1, '2021-12-28 16:14:59'),
(61, 14, 7, 1, 'hggh', '', 1, '2021-12-28 16:16:18'),
(62, 14, 7, 1, 'bghj', '', 1, '2021-12-28 16:16:21'),
(63, 14, 7, 1, 'abcd', '', 1, '2021-12-27 10:48:55'),
(64, 14, 7, 1, 'abcd', '', 1, '2021-12-27 10:48:55'),
(65, 14, 7, 1, 'abcd', '', 1, '2021-12-27 10:48:55'),
(66, 14, 7, 1, 'abcd', '', 1, '2021-12-27 10:48:55'),
(67, 14, 7, 1, 'abcd', '', 1, '2021-12-27 10:48:55'),
(68, 14, 7, 1, 'abcd', '', 1, '2021-12-27 10:48:55'),
(69, 14, 7, 1, 'abcd', '', 1, '2021-12-27 10:48:55'),
(70, 14, 7, 1, 'abcd', '', 1, '2021-12-27 10:48:55'),
(71, 14, 7, 1, 'abcd', '', 1, '2021-12-27 10:48:55'),
(72, 14, 7, 1, 'abcd', '', 1, '2021-12-27 10:48:55'),
(73, 14, 7, 1, 'hii', '', 1, '2021-12-28 16:13:00'),
(74, 14, 7, 1, 'hello', '', 1, '2021-12-28 16:13:55'),
(75, 14, 7, 1, 'ghgfru', '', 2, '2021-12-28 16:14:59'),
(76, 14, 7, 1, 'hggh', '', 2, '2021-12-28 16:16:18'),
(77, 14, 7, 1, 'bghj', '', 1, '2021-12-28 16:16:21'),
(78, 24, 7, 1, 'hii', '', 2, '2022-01-08 18:21:40'),
(79, 24, 7, 1, 'sadf', '', 1, '2022-01-08 18:21:43'),
(80, 76, 3, 2, 'chh', '', 1, '2022-01-11 18:37:48'),
(81, 76, 3, 2, 'cvgb', '', 1, '2022-01-11 18:38:25'),
(82, 76, 3, 2, 'cgg', '', 1, '2022-01-11 18:44:01'),
(83, 76, 3, 2, 'sksk', '', 1, '2022-01-11 18:47:41'),
(84, 76, 3, 2, 'skjd', '', 1, '2022-01-11 18:47:43'),
(85, 76, 3, 2, 'jdjd', '', 1, '2022-01-11 18:47:44'),
(86, 28, 7, 1, 'sdfds', '', 1, '2022-01-12 10:08:59'),
(87, 28, 7, 1, 'asdfsa', '', 1, '2022-01-12 10:09:01'),
(88, 28, 7, 1, 'asdfsa', '', 1, '2022-01-12 10:09:05'),
(89, 116, 7, 1, 'fsdg', '', 1, '2022-01-26 21:09:34'),
(90, 116, 7, 1, 'fdfg', '', 1, '2022-01-26 21:09:37'),
(91, 116, 7, 1, 'gdgg', '', 1, '2022-01-26 21:20:28'),
(92, 116, 7, 1, 'fddfg', '', 1, '2022-01-26 21:20:37'),
(93, 116, 7, 1, 'fdghty', '', 1, '2022-01-26 21:20:39'),
(94, 116, 7, 1, 'fhgt', '', 1, '2022-01-26 21:20:41'),
(95, 127, 7, 1, 'sjsj', '', 1, '2022-01-26 21:38:14'),
(96, 117, 7, 1, 'gdgg', '', 1, '2022-01-26 21:53:38'),
(97, 24, 52, 1, '', 'File_1647366287.pdf', 1, '2022-03-15 23:14:47'),
(98, 24, 52, 1, '', 'File_1647366308.pdf', 1, '2022-03-15 23:15:08'),
(99, 26, 52, 1, '', 'File_1647367257.pdf', 1, '2022-03-15 23:30:57'),
(100, 26, 52, 1, '', 'File_1647367262.pdf', 1, '2022-03-15 23:31:02'),
(101, 125, 52, 1, 'gdggg', '', 1, '2022-04-26 20:41:23'),
(102, 125, 46, 1, 'abcd', '', 1, '2022-05-19 16:24:12'),
(103, 117, 46, 1, 'hello', '', 1, '2022-05-19 17:01:05'),
(104, 125, 46, 1, 'hii', '', 1, '2022-05-19 18:07:33'),
(105, 134, 46, 1, 'jdjdj', '', 1, '2022-05-19 18:12:45'),
(106, 134, 46, 1, 'bdk', '', 1, '2022-05-19 18:12:50'),
(107, 134, 1, 1, 'fjhnfg', '', 1, '2022-05-19 18:23:35'),
(108, 134, 1, 1, 'abcd', '', 1, '2022-05-19 18:24:07'),
(109, 134, 1, 1, 'abcd', '', 1, '2022-05-19 18:24:40'),
(110, 134, 46, 1, 'jxx', '', 1, '2022-05-19 18:25:39');

-- --------------------------------------------------------

--
-- Table structure for table `mst_school_collage`
--

CREATE TABLE `mst_school_collage` (
  `school_collage_id` bigint(20) NOT NULL,
  `school_collage_name` varchar(1024) NOT NULL,
  `type` bigint(20) NOT NULL COMMENT '1=School, 2=Collage',
  `status` bigint(20) NOT NULL COMMENT '1=Active, 2=InActive',
  `entry_date` datetime NOT NULL,
  `update_date` datetime NOT NULL
) ENGINE=InnoDB DEFAULT CHARSET=latin1;

--
-- Dumping data for table `mst_school_collage`
--

INSERT INTO `mst_school_collage` (`school_collage_id`, `school_collage_name`, `type`, `status`, `entry_date`, `update_date`) VALUES
(1, 'Gurukul', 2, 1, '2021-12-24 15:53:34', '2022-01-12 18:50:19'),
(2, 'University', 2, 1, '2021-12-24 15:53:34', '0000-00-00 00:00:00'),
(3, 'Delhi School', 1, 1, '2021-12-24 15:53:34', '2022-03-10 23:12:30'),
(4, 'Public School', 1, 1, '2021-12-24 15:53:34', '0000-00-00 00:00:00'),
(5, 'ssccs', 1, 1, '2022-01-12 11:10:04', '2022-01-12 18:51:00'),
(6, 'abcd', 1, 2, '2022-03-10 21:59:18', '0000-00-00 00:00:00'),
(7, 'xyz', 2, 2, '2022-03-10 22:19:56', '0000-00-00 00:00:00'),
(8, 'xyz', 1, 2, '2022-03-10 22:22:27', '0000-00-00 00:00:00'),
(9, 'vdhjd', 1, 1, '2022-03-10 22:50:33', '2022-03-10 23:21:57'),
(10, 'sdfsdfds', 2, 2, '0000-00-00 00:00:00', '0000-00-00 00:00:00'),
(11, 'aaaa', 1, 1, '0000-00-00 00:00:00', '2022-04-29 16:38:53');

-- --------------------------------------------------------

--
-- Table structure for table `mst_student`
--

CREATE TABLE `mst_student` (
  `student_id` bigint(20) NOT NULL,
  `name` varchar(50) NOT NULL COMMENT 'student_name',
  `mobile` bigint(20) NOT NULL,
  `image` varchar(50) NOT NULL,
  `city` varchar(50) NOT NULL,
  `state` varchar(50) NOT NULL,
  `gmail` varchar(50) NOT NULL,
  `class` varchar(50) NOT NULL,
  `school_name` bigint(20) NOT NULL,
  `medium` varchar(50) NOT NULL,
  `stream` varchar(50) NOT NULL,
  `status` bigint(20) NOT NULL COMMENT '1=Active, 2=InACtive',
  `deice_token` text NOT NULL,
  `entry_Date` datetime NOT NULL,
  `update_date` datetime NOT NULL
) ENGINE=InnoDB DEFAULT CHARSET=latin1;

--
-- Dumping data for table `mst_student`
--

INSERT INTO `mst_student` (`student_id`, `name`, `mobile`, `image`, `city`, `state`, `gmail`, `class`, `school_name`, `medium`, `stream`, `status`, `deice_token`, `entry_Date`, `update_date`) VALUES
(1, 'Student Meet', 1234567898, '1641794608.jpg', 'bhavnagar', '', 'b@gmail.com', '11Th', 1, 'English', 'Commerce', 1, '', '2021-12-24 04:00:20', '0000-00-00 00:00:00'),
(5, 'scienceStudent', 1234567899, '1641358461.jpg', 'bhavnagar', 'gujrat', 'Y@gmail.com', '11th', 3, 'English', 'Arts', 1, '', '2022-01-11 13:30:59', '2022-01-05 10:38:21'),
(6, 'Aayushi', 1234567891, '1647964102.jpg', 'Bhavnagar', 'Bihar', 'test@gmail.com', '12Th', 2, 'English', 'Science', 1, '', '2022-03-22 21:18:22', '2022-12-10 17:24:55'),
(7, 'arjunsinh11', 1234567895, '1641446635.jpg', 'Bhavnagar', 'Gujarat', 'test@gmail.com', '8Th', 4, 'English', '', 1, 'dyyYbyVjUwQ:APA91bEhfwYjpemRrK6pECeCElnAqoD2nKU2TSTIrF648kgypiPKgjgPREEYJuGc0fWSYIIJkWkbUtjM5nxJ1hxl3Ft9NNJseO_HtwcxPp9Fu1KFz7QrGS4t5jFYFPKOecBHNr8P89r_', '2022-01-12 18:55:43', '2022-02-25 23:08:11'),
(8, 'jay', 1234567891, '1641386168.jpg', 'bhavnagar', 'gujrat', 'test1@gmail.com', '5', 1, '2', '1', 1, '', '2021-12-24 05:02:10', '2022-01-05 18:06:08'),
(10, 'testing', 8877665544, '1640604843.jpg', 'surat', '', 'testings@gmail.com', '1', 0, 'Hindi', 'commerce', 1, '', '2021-12-27 10:13:27', '0000-00-00 00:00:00'),
(11, 'kinjal', 9988776655, '/9j/4AAQSkZJRgABAQAAAQABAAD/4gIoSUNDX1BST0ZJTEUAAQ', 'bhavnagar', '', 'k@gmail.com', 'Collage', 1, 'English', 'science', 1, '', '2021-12-27 10:35:09', '0000-00-00 00:00:00'),
(12, 'student', 9911111111, '1640580207.jpg', 'surat', '', 'stud@gmail.com', '9Th', 3, 'English', 'commerce', 1, '', '2021-12-27 05:04:03', '2022-01-13 15:27:03'),
(13, 'google', 9889988999, '1640674421.jpg', 'surat', '', 'google@gmail.com', 'Collage', 2, 'English', 'science', 1, '', '2021-12-28 12:23:41', '0000-00-00 00:00:00'),
(15, 'test', 2536254376, '1640939469.jpg', 'sutrat', 'gujrat', 'ghh@gsdjgs', 'tdyetsydh', 0, 'english', '', 1, '', '2021-12-31 02:01:09', '0000-00-00 00:00:00'),
(34, 'test', 25346254970, '1640946425.jpg', 'sutrat', 'gujrat', 'dlhh@gsdjgs', 'tdyetsydh', 0, 'english', 'commerece', 1, '', '2021-12-31 03:57:05', '0000-00-00 00:00:00'),
(37, 'Kajal', 8877777766, '1641379970.jpg', 'surat', 'Gujarat', 'userk@gmail.com', '12Th', 3, 'English', 'Arts', 1, '', '2021-12-31 04:20:26', '2022-01-06 12:48:09'),
(38, 'email', 1122334455, '1641285690.jpg', 'Bhavnagar', 'Gujarat', 'email@gmail.com', '8Th', 0, 'Hindi', '0', 1, '', '2022-01-13 10:37:15', '0000-00-00 00:00:00'),
(41, 'TeacherK', 8811221122, '1641381166.jpg', 'Bhavnagar', 'Gujarat', 'teacher@gmail.com', '12Th', 3, 'null', 'null', 1, '', '2022-01-05 16:42:46', '0000-00-00 00:00:00'),
(42, 'TeacherK', 8811261122, '1641381216.jpg', 'Bhavnagar', 'Gujarat', 'teadcher@gmail.com', '12Th', 3, 'null', 'null', 1, '', '2022-01-05 16:43:36', '0000-00-00 00:00:00'),
(43, 'Ashka', 9889988998, '1641446635.jpg', 'surat', 'Gujarat', 'ashka@gmail.com', '8Th', 3, 'Hindi', '', 1, '', '2022-01-05 16:49:08', '2022-01-06 10:54:19'),
(44, 'arjunsinh sarvaiya', 1234567980, '1641650015.jpg', 'Bhavnagar', 'Gujarat', 'test14@gmail.com', '8Th', 3, 'Hindi', '', 2, '', '2022-01-08 19:23:35', '2022-01-13 14:05:12'),
(45, 'arjunsinh sarvaiya 123', 8347617307, '1641651367.jpg', 'bhavnagar', 'Gujarat', 'testt@gmail.com', '8Th', 3, 'Hindi', '', 1, '', '2022-01-08 19:46:07', '2022-01-13 15:26:15'),
(46, 'arjunsinh sarvaiya', 8347617307, '1641794608.jpg', 'bhavnagar', 'Gujarat', 'testttt@gmail.com', '11Th', 1, 'English', 'Science', 1, 'czhLQrtq0vs:APA91bH_IPfeRvoKnpIeupstWEB-FIl4HtgG9mW3JHyIMrrxHa-P5TDuCnsuwswCiIh8XQ731IemkNpeuJ3rNgxwtrf6rQYiop34mwxCK6gxnXkOIMnAeDqU6Z9LlPnpExomESdviKyI', '2022-01-12 13:57:41', '2022-01-21 21:56:59'),
(47, 'test', 9988777777, '', '', '', 't@gmail.com', '9Th', 2, 'Hindi', 'Commerece', 1, '', '2022-01-11 12:37:17', '0000-00-00 00:00:00'),
(51, 'studStudyMeet', 3388773377, '', '', '', 'StudyMeet@gmail.com', '10Th', 2, 'Hindi', 'Arts', 1, '', '2022-01-11 13:32:36', '0000-00-00 00:00:00'),
(52, 'arjunsinh', 1234567891, '1647366031.jpg', 'bhavnagar', 'Dadra and Nagar Haveli', 'arjunsinhhh@gmail.com', '10Th', 3, 'Hindi', '', 1, 'eMi6Gyb9Vg4:APA91bHdtuOoH0tBlbQdLe7AlfPM7grUZf1sTh6-ib47v-OaqkXUdkDm1AXuAfwdYNEgh2QFs8mW4D57yves8zdpsanGO9U2vdPMgl-N_jT-o6Hz7L73niGfAZn3RNA00q9MR0hwqqeW', '2022-03-10 21:59:18', '2022-03-15 23:10:31'),
(54, 'arjunsinh', 1234567890, '1652871480.jpg', 'bhavnagar', 'Gujarat', 'djdj@gmail.com', 'Collage', 2, 'English', '', 1, 'czhLQrtq0vs:APA91bH_IPfeRvoKnpIeupstWEB-FIl4HtgG9mW3JHyIMrrxHa-P5TDuCnsuwswCiIh8XQ731IemkNpeuJ3rNgxwtrf6rQYiop34mwxCK6gxnXkOIMnAeDqU6Z9LlPnpExomESdviKyI', '2022-05-18 16:28:00', '0000-00-00 00:00:00'),
(55, 'vdhhs', 8347617306, '1678027294.jpg', 'hdjd', 'Andhra Pradesh', 'hdj@hgh.hj', '9Th', 11, 'English', '', 1, '', '2023-03-05 20:11:34', '0000-00-00 00:00:00');

-- --------------------------------------------------------

--
-- Table structure for table `mst_teacher`
--

CREATE TABLE `mst_teacher` (
  `teacher_id` bigint(20) NOT NULL,
  `name` varchar(50) NOT NULL,
  `mobile` bigint(20) NOT NULL,
  `image` varchar(50) NOT NULL,
  `city` varchar(50) NOT NULL,
  `state` varchar(50) NOT NULL,
  `gmail` varchar(50) NOT NULL,
  `school_name` bigint(20) NOT NULL,
  `status` bigint(20) NOT NULL COMMENT '1=Active, 2=InACtive',
  `deice_token` text NOT NULL,
  `entry_Date` datetime NOT NULL,
  `update_date` datetime NOT NULL
) ENGINE=InnoDB DEFAULT CHARSET=latin1;

--
-- Dumping data for table `mst_teacher`
--

INSERT INTO `mst_teacher` (`teacher_id`, `name`, `mobile`, `image`, `city`, `state`, `gmail`, `school_name`, `status`, `deice_token`, `entry_Date`, `update_date`) VALUES
(1, 'sdfg', 1234567891, 'Tulips.jpg', '', '', '', 1, 1, '', '0000-00-00 00:00:00', '0000-00-00 00:00:00'),
(2, 'sapana', 1234567888, '1641363304.jpg', 'bhavnagar', 'gujrat', 'sarita@gmail.com', 1, 1, '', '2021-12-24 04:09:34', '2022-01-05 11:45:44'),
(3, 'arjunsinh', 1234567895, '1640581509.jpg', 'Bhavnagar', 'Gujarat', 'demotest@gmail.com', 2, 1, 'cPNw4N09sTo:APA91bHPxeoNskGnBYW7vpx6YXeuZYqaVDsh92IwMbpa5ET27MzMGKbW3I4K04-Ua8-kHsrkVqakMvg9qWoYDkPqhIWtISXRGpbNduT5eZ7Qmfv8PQUHif6tmM8-nHr6aniccwTx8vHB', '2022-01-13 17:13:14', '2022-01-13 15:29:05'),
(4, 'arjunsinh', 1234567892, 'afa', 'Bhavnagar', '', 'test@gmail.com', 3, 1, '', '2021-12-24 05:05:39', '0000-00-00 00:00:00'),
(5, 'arjunsinh', 1234567893, 'afa', 'Bhavnagar', '', 'test3@gmail.com', 5, 1, '', '2021-12-24 05:06:04', '0000-00-00 00:00:00'),
(6, 'teacher', 9966775544, '/9j/4AAQSkZJRgABAQAAAQABAAD/4gIoSUNDX1BST0ZJTEUAAQ', 'surat', '', 'teacher@gmail.com', 3, 1, '', '2021-12-27 11:38:13', '0000-00-00 00:00:00'),
(7, 'nisha', 7766554499, '/9j/4AAQSkZJRgABAQAAAQABAAD/4gIoSUNDX1BST0ZJTEUAAQ', 'bhavnagar', '', 'nisha@gmail.com', 0, 1, '', '2021-12-27 11:49:44', '2022-01-10 13:52:33'),
(8, 'kirti', 8877665511, '/9j/4AAQSkZJRgABAQAAAQABAAD/4gIoSUNDX1BST0ZJTEUAAQ', 'surat', '', 'k@gmail.com', 1, 1, '', '2022-01-11 13:28:10', '0000-00-00 00:00:00'),
(10, 'TeacherB', 8811221122, '1641379559.jpg', 'surat', 'Gujarat', 'teacher@gmail.com', 1, 1, '', '2022-01-11 18:33:18', '2022-01-13 15:28:58'),
(13, 'arts', 8888888888, '', '', '', 'art@GMAIL.COM', 3, 1, '', '2022-01-11 12:48:47', '0000-00-00 00:00:00'),
(14, 'arjunsinh', 1234567895, '1646930996.jpg', 'bhavnagar', 'Gujarat', 'test315@gmail.com', 7, 1, '', '2022-03-10 22:19:56', '0000-00-00 00:00:00'),
(15, 'arjunsinh', 1234567891, '1646931147.jpg', 'bhavnagar', 'Gujarat', 'test35@gmail.com', 8, 1, '', '2022-03-10 22:22:27', '0000-00-00 00:00:00'),
(16, 'arjunsinh', 1234567895, '1646932833.jpg', 'bhavnagar', 'Daman and Diu', 'hdhd@fjfi.fjfj', 9, 1, 'dyyYbyVjUwQ:APA91bEhfwYjpemRrK6pECeCElnAqoD2nKU2TSTIrF648kgypiPKgjgPREEYJuGc0fWSYIIJkWkbUtjM5nxJ1hxl3Ft9NNJseO_HtwcxPp9Fu1KFz7QrGS4t5jFYFPKOecBHNr8P89r_', '2022-03-10 22:50:33', '0000-00-00 00:00:00');

-- --------------------------------------------------------

--
-- Table structure for table `mst_transaction`
--

CREATE TABLE `mst_transaction` (
  `trans_id` bigint(20) NOT NULL,
  `user_id` bigint(20) NOT NULL,
  `user_type` bigint(20) NOT NULL COMMENT '1=Student, 2=Teacher',
  `plan_id` bigint(20) NOT NULL,
  `plan_name` varchar(1024) NOT NULL,
  `plan_amount` bigint(20) NOT NULL,
  `plan_month` bigint(20) NOT NULL,
  `discount` bigint(20) NOT NULL,
  `payment_id` text NOT NULL,
  `status` bigint(20) NOT NULL COMMENT '1=Active, 2=Expired',
  `expiry_date` datetime NOT NULL,
  `entry_date` datetime NOT NULL
) ENGINE=InnoDB DEFAULT CHARSET=latin1;

--
-- Dumping data for table `mst_transaction`
--

INSERT INTO `mst_transaction` (`trans_id`, `user_id`, `user_type`, `plan_id`, `plan_name`, `plan_amount`, `plan_month`, `discount`, `payment_id`, `status`, `expiry_date`, `entry_date`) VALUES
(1, 7, 1, 1, 'Silver Plan', 300, 3, 0, '', 1, '2022-12-25 13:33:54', '2021-03-25 13:33:54'),
(2, 16, 2, 1, 'Silver Plan', 300, 3, 0, '', 1, '2022-12-25 13:34:47', '2022-12-25 13:34:47'),
(3, 1, 2, 1, 'Silver Plan', 300, 3, 0, '', 2, '2021-12-25 14:00:24', '2021-12-25 13:35:24'),
(4, 1, 2, 1, 'Silver Plan', 300, 3, 0, '', 1, '2022-03-25 13:42:43', '2021-12-25 13:42:43'),
(5, 1, 2, 1, 'Silver Plan', 300, 3, 0, '', 1, '2022-03-25 13:44:35', '2021-12-25 13:44:35'),
(6, 1, 2, 1, 'Silver Plan', 300, 3, 0, '', 1, '2022-03-25 13:44:46', '2021-12-25 13:44:46'),
(7, 6, 1, 1, 'Silver Plan', 300, 3, 0, '', 2, '2022-03-29 13:44:46', '2021-12-30 13:45:44'),
(15, 6, 1, 3, 'Platinum Plan', 1200, 12, 500, '', 2, '0000-00-00 00:00:00', '2021-12-31 11:34:14'),
(16, 6, 1, 1, 'silver plan', 300, 3, 0, '', 2, '0000-00-00 00:00:00', '2021-12-31 11:36:54'),
(17, 6, 1, 1, 'Silver Plan', 300, 3, 20000, '', 2, '0000-00-00 00:00:00', '2021-12-31 11:37:15'),
(18, 6, 1, 3, 'Platinum Plan', 1200, 12, 500, '', 2, '0000-00-00 00:00:00', '2021-12-31 11:48:42'),
(19, 6, 1, 3, 'Platinum Plan', 1200, 12, 500, '', 2, '0000-00-00 00:00:00', '2021-12-31 11:48:51'),
(20, 6, 1, 3, 'Platinum Plan', 1200, 12, 0, '', 2, '0000-00-00 00:00:00', '2021-12-31 11:48:59'),
(21, 6, 1, 3, 'Platinum Plan', 1200, 12, 0, '', 2, '0000-00-00 00:00:00', '2021-12-31 11:49:08'),
(22, 6, 1, 3, 'Platinum Plan', 1200, 12, 500, '', 2, '0000-00-00 00:00:00', '2021-12-31 11:49:34'),
(23, 6, 1, 3, 'Platinum Plan', 1200, 12, 500, '', 1, '2022-12-31 12:01:19', '2021-12-31 12:01:19'),
(24, 37, 1, 3, 'Platinum Plan', 1200, 12, 500, '', 1, '2022-12-31 16:29:53', '2021-12-31 16:29:53'),
(30, 3, 2, 15, 'title plan tester', 2000, 2, 500, '', 1, '2022-03-08 16:46:21', '2022-01-08 16:46:21'),
(35, 52, 1, 17, 'acda', 120, 45, 0, 'pay_J9EpvvI8UQab5i', 2, '2025-12-20 11:36:05', '2022-03-20 11:36:05'),
(36, 54, 1, 17, 'acda', 120, 45, 20001, '123456', 1, '2026-01-26 19:55:09', '2022-04-26 19:55:09');

-- --------------------------------------------------------

--
-- Table structure for table `trn_campaign`
--

CREATE TABLE `trn_campaign` (
  `trn_campaign_id` bigint(20) NOT NULL,
  `campaign_id` bigint(20) NOT NULL,
  `question_title` varchar(1024) NOT NULL,
  `time_for_question` bigint(20) NOT NULL,
  `option_type` bigint(20) NOT NULL COMMENT '1=With Option, 2=Without Option',
  `right_answer` varchar(1024) NOT NULL,
  `option_a` varchar(1024) NOT NULL,
  `option_b` varchar(1024) NOT NULL,
  `option_c` varchar(1024) NOT NULL,
  `option_d` varchar(1024) NOT NULL,
  `entry_date` datetime NOT NULL,
  `update_date` datetime NOT NULL
) ENGINE=InnoDB DEFAULT CHARSET=latin1;

--
-- Dumping data for table `trn_campaign`
--

INSERT INTO `trn_campaign` (`trn_campaign_id`, `campaign_id`, `question_title`, `time_for_question`, `option_type`, `right_answer`, `option_a`, `option_b`, `option_c`, `option_d`, `entry_date`, `update_date`) VALUES
(3, 2, 'questionId_3_ans_3', 20, 1, 'questionId_3_ans_3', 'questionId_3_ans_3', 'questionId_3_ans_3', 'questionId_3_ans_3', 'questionId_3_ans_3', '2022-01-01 00:00:00', '0000-00-00 00:00:00'),
(4, 2, 'questionId_4_ans_4', 20, 1, 'questionId_4_ans_4', 'questionId_4_ans_4', 'questionId_4_ans_4', 'questionId_4_ans_4', 'questionId_4_ans_4', '2022-01-01 00:00:00', '0000-00-00 00:00:00'),
(5, 2, 'questionId_5_ans_5', 20, 1, 'questionId_5_ans_5', 'questionId_5_ans_5', 'questionId_5_ans_5', 'questionId_5_ans_5', 'questionId_5_ans_5', '2022-01-01 00:00:00', '0000-00-00 00:00:00'),
(6, 2, 'questionId_6_ans_6', 20, 1, 'questionId_6_ans_6', 'questionId_6_ans_6', 'questionId_6_ans_6', 'questionId_6_ans_6', 'questionId_6_ans_6', '2022-01-01 00:00:00', '0000-00-00 00:00:00'),
(7, 2, 'questionId_7_ans_7', 20, 1, 'questionId_7_ans_7', 'questionId_7_ans_7', 'questionId_7_ans_7', 'questionId_7_ans_7', 'questionId_7_ans_7', '2022-01-01 00:00:00', '0000-00-00 00:00:00'),
(8, 40, 'questionId_1_ans_1', 20, 1, 'questionId_1_ans_1', 'questionId_1_ans_1', 'questionId_1_ans_1', 'questionId_1_ans_1', 'questionId_1_ans_1', '2022-01-01 13:59:01', '0000-00-00 00:00:00'),
(9, 40, 'questionId_2_ans_2', 20, 1, 'questionId_2_ans_2', 'questionId_2_ans_2', 'questionId_2_ans_2', 'questionId_2_ans_2', 'questionId_2_ans_2', '2022-01-01 13:59:01', '0000-00-00 00:00:00'),
(10, 40, 'questionId_3_ans_3', 20, 1, 'questionId_3_ans_3', 'questionId_3_ans_3', 'questionId_3_ans_3', 'questionId_3_ans_3', 'questionId_3_ans_3', '2022-01-01 13:59:01', '0000-00-00 00:00:00'),
(11, 40, 'questionId_4_ans_4', 20, 1, 'questionId_4_ans_4', 'questionId_4_ans_4', 'questionId_4_ans_4', 'questionId_4_ans_4', 'questionId_4_ans_4', '2022-01-01 13:59:01', '0000-00-00 00:00:00'),
(12, 40, 'questionId_5_ans_5', 20, 1, 'questionId_5_ans_5', 'questionId_5_ans_5', 'questionId_5_ans_5', 'questionId_5_ans_5', 'questionId_5_ans_5', '2022-01-01 13:59:01', '0000-00-00 00:00:00'),
(13, 40, 'questionId_6_ans_6', 20, 1, 'questionId_6_ans_6', 'questionId_6_ans_6', 'questionId_6_ans_6', 'questionId_6_ans_6', 'questionId_6_ans_6', '2022-01-01 13:59:01', '0000-00-00 00:00:00'),
(14, 40, 'questionId_7_ans_7', 20, 1, 'questionId_7_ans_7', 'questionId_7_ans_7', 'questionId_7_ans_7', 'questionId_7_ans_7', 'questionId_7_ans_7', '2022-01-01 13:59:01', '0000-00-00 00:00:00'),
(15, 42, 'question 1', 20, 2, 'answer 1', '', '', '', '', '2022-01-01 18:01:00', '0000-00-00 00:00:00'),
(16, 42, 'question 2', 20, 2, 'answer 2', '', '', '', '', '2022-01-01 18:01:00', '0000-00-00 00:00:00'),
(17, 42, 'question 3', 0, 2, 'answer 3', '', '', '', '', '2022-01-01 18:01:00', '0000-00-00 00:00:00'),
(18, 43, 'question 1', 20, 2, 'answer 1', '', '', '', '', '2022-01-01 18:02:39', '0000-00-00 00:00:00'),
(19, 43, 'question 2', 20, 1, 'Select Right Answer', '', '', '', '', '2022-01-01 18:02:39', '0000-00-00 00:00:00'),
(20, 43, 'question 3', 0, 2, 'Select Right Answer', '', '', '', '', '2022-01-01 18:02:39', '0000-00-00 00:00:00'),
(21, 44, 'question 1', 20, 2, 'answer 1', '', '', '', '', '2022-01-01 18:02:41', '0000-00-00 00:00:00'),
(22, 44, 'question 2', 20, 1, 'Select Right Answer', '', '', '', '', '2022-01-01 18:02:41', '0000-00-00 00:00:00'),
(23, 44, 'question 3', 0, 2, 'Select Right Answer', '', '', '', '', '2022-01-01 18:02:41', '0000-00-00 00:00:00'),
(27, 46, 'question 1', 0, 1, 'Select Right Answer', 'abcd', 'abcd b', 'abcd c', 'abcd d', '2022-01-01 18:05:39', '0000-00-00 00:00:00'),
(28, 45, 'question 1', 0, 1, 'B', 'abcd', 'abcd b', 'abcd c', 'abcd d', '2022-01-01 18:09:25', '0000-00-00 00:00:00'),
(30, 45, 'question 2', 10, 2, 'answer 1', '', '', '', '', '2022-01-03 16:14:10', '0000-00-00 00:00:00'),
(31, 45, 'question 3', 20, 1, 'B', 'abcd', 'abcd 2', 'abcd 3', 'abcd 4', '2022-01-03 16:14:10', '0000-00-00 00:00:00'),
(32, 47, 'shsj 1', 0, 2, 'shsj', '', '', '', '', '2022-01-03 18:29:08', '0000-00-00 00:00:00'),
(33, 48, 'shsj 2', 30, 1, 'A', 'abcd 1', 'abcd 2', 'abcd 3', 'abcd 4', '2022-01-03 18:29:08', '0000-00-00 00:00:00'),
(34, 48, 'shsj 3', 0, 2, 'shsj', '', '', '', '', '2022-01-03 18:29:08', '0000-00-00 00:00:00'),
(35, 48, 'shsj 4', 0, 2, 'shsj', '', '', '', '', '2022-01-03 18:29:08', '0000-00-00 00:00:00'),
(36, 49, 'hdhxhd', 25, 2, 'bdjdjs', '', '', '', '', '2022-01-07 15:09:13', '0000-00-00 00:00:00'),
(37, 50, 'nsjs', 20, 1, 'C', 'ushs', 'sjsd', 'shdjd', 'hshshs', '2022-01-07 15:12:17', '0000-00-00 00:00:00'),
(38, 51, 'jzjzjz', 20, 2, 'jsjd', '', '', '', '', '2022-01-07 15:17:50', '0000-00-00 00:00:00'),
(39, 51, 'sjdjj', 10, 2, 'sjsjs', '', '', '', '', '2022-01-07 15:17:50', '0000-00-00 00:00:00'),
(40, 52, 'jdjd', 20, 2, 'hshs', '', '', '', '', '2022-01-07 15:38:11', '0000-00-00 00:00:00'),
(41, 53, 'nsjs', 20, 2, 'nxnd', '', '', '', '', '2022-01-08 11:36:18', '0000-00-00 00:00:00'),
(42, 54, 'jsjs', 0, 2, 'abcd', '', '', '', '', '2022-01-10 12:10:57', '0000-00-00 00:00:00'),
(91, 107, 'ert', 12, 1, 'rg', 'rse', 'erf', 'drg', 'rtg', '2022-01-17 00:00:00', '0000-00-00 00:00:00'),
(92, 114, 'Q1', 2, 2, 'ans1', '', '', '', '', '2022-01-17 00:00:00', '0000-00-00 00:00:00'),
(93, 116, 'Q1', 1, 2, 'ans1', '', '', '', '', '2022-01-17 00:00:00', '0000-00-00 00:00:00'),
(94, 116, 'Q2', 33, 1, 'B', 'aa', 'd', 'dg', 'fdg', '2022-01-17 00:00:00', '0000-00-00 00:00:00'),
(95, 117, 'scienceQu1', 10, 2, 'answer1', '', '', '', '', '2022-01-17 00:00:00', '0000-00-00 00:00:00'),
(96, 117, 'scienceQu2', 10, 1, 'A', 'aa', 'bb', 'cc', 'dd', '2022-01-17 00:00:00', '0000-00-00 00:00:00'),
(97, 117, 'scienceQu3', 20, 1, 'B', 'a', 'b', 'c', 'd', '2022-01-17 00:00:00', '0000-00-00 00:00:00'),
(98, 117, 'scienceQu4', 20, 1, 'C', 'a', 'b', 'c', 'd', '2022-01-17 00:00:00', '0000-00-00 00:00:00'),
(99, 118, 'Q1', 55, 2, 'ans1', '', '', '', '', '2022-01-17 18:29:15', '0000-00-00 00:00:00'),
(100, 122, 'abcd', 0, 2, 'xyz', '', '', '', '', '2022-01-19 21:13:49', '0000-00-00 00:00:00'),
(101, 123, 'abcd 2', 30, 1, 'B', 'a', 'b', 'c', 'd', '2022-01-19 21:14:28', '0000-00-00 00:00:00'),
(102, 124, 'srgfsr', 0, 2, 'sfdgsd', '', '', '', '', '2022-01-19 21:15:45', '0000-00-00 00:00:00'),
(103, 124, 'sfgsd', 10, 1, 'C', 'sfgsdfg', 'sdfgsd', 'sfdgdsg', 'sddfgsd', '2022-01-19 21:15:45', '0000-00-00 00:00:00'),
(104, 125, 'dfdsa', 0, 2, 'sdfsd', '', '', '', '', '2022-01-19 21:17:14', '0000-00-00 00:00:00'),
(105, 126, 'dfdsa', 0, 2, 'sdfsd', '', '', '', '', '2022-01-19 21:18:04', '0000-00-00 00:00:00'),
(106, 127, 'dfeg', 56, 1, 'C', 'fsdf', 'sdfsd', 'sdfgssdfds', 'sdv', '2022-01-20 22:44:31', '0000-00-00 00:00:00'),
(107, 127, 'fsdgsfd', 45, 2, 'xfbvf', '', '', '', '', '2022-01-20 22:44:31', '0000-00-00 00:00:00'),
(108, 127, 'dfds', 10, 2, 'sdfsd', '', '', '', '', '2022-01-20 22:44:31', '0000-00-00 00:00:00'),
(109, 127, 'sdfds', 0, 1, 'D', 'sdfsd', 'sdfsd', 'sdfv', 'vsd', '2022-01-20 22:44:31', '0000-00-00 00:00:00'),
(110, 128, 'djdj', 0, 2, '', '', '', '', '', '2022-01-25 22:02:11', '0000-00-00 00:00:00'),
(111, 129, 'dbjsisja', 30, 2, '', '', '', '', '', '2022-01-25 23:22:06', '0000-00-00 00:00:00'),
(112, 129, 'sjsisb', 40, 2, '', '', '', '', '', '2022-01-25 23:22:06', '0000-00-00 00:00:00'),
(113, 129, 'shsjsj', 25, 2, '', '', '', '', '', '2022-01-25 23:22:06', '0000-00-00 00:00:00'),
(114, 130, 'djdj', 0, 2, '', '', '', '', '', '2022-01-27 22:10:53', '0000-00-00 00:00:00'),
(115, 131, 'djjdbs', 0, 2, '', '', '', '', '', '2022-01-28 22:04:40', '0000-00-00 00:00:00'),
(116, 132, 'snjsjs', 0, 2, '', '', '', '', '', '2022-03-04 22:11:37', '0000-00-00 00:00:00'),
(117, 133, 'jgt', 0, 2, '', '', '', '', '', '2022-03-10 23:27:32', '0000-00-00 00:00:00'),
(118, 133, 'hsjsu', 0, 2, '', '', '', '', '', '2022-03-10 23:28:00', '0000-00-00 00:00:00'),
(119, 136, 'ndjud', 0, 1, 'A', 'abcd 1', 'abcd 2', 'abcd 3', 'abcd 4', '2022-03-10 23:28:36', '0000-00-00 00:00:00'),
(120, 136, 'sjjssj', 25, 1, 'B', 'xyz 1', 'xyz 2', 'xyz 3', 'xyz 4', '2022-03-10 23:34:28', '0000-00-00 00:00:00'),
(121, 136, 'jsj', 0, 2, '', '', '', '', '', '2022-03-10 23:40:06', '0000-00-00 00:00:00'),
(122, 137, 'adsfsasa', 0, 2, '', '', '', '', '', '2022-04-26 22:34:46', '0000-00-00 00:00:00'),
(123, 137, 'asdfsaas', 0, 2, '', '', '', '', '', '2022-04-26 22:34:46', '0000-00-00 00:00:00');

-- --------------------------------------------------------

--
-- Table structure for table `trn_join_campaign`
--

CREATE TABLE `trn_join_campaign` (
  `trn_join_id` bigint(20) NOT NULL,
  `join_id` bigint(20) NOT NULL,
  `trn_campaign_id` bigint(20) NOT NULL,
  `user_answer` varchar(1024) NOT NULL COMMENT 'if Question Pass Than It Will Be Empty',
  `file` text NOT NULL,
  `answer_status` bigint(20) NOT NULL COMMENT '1=Right, 2=Wrong, 3=Pass',
  `question_title` varchar(1024) NOT NULL,
  `option_type` bigint(20) NOT NULL COMMENT '1=With Option, 2=Without Option',
  `right_answer` varchar(1024) NOT NULL,
  `option_a` varchar(1024) NOT NULL,
  `option_b` varchar(1024) NOT NULL,
  `option_c` varchar(1024) NOT NULL,
  `option_d` varchar(1024) NOT NULL,
  `entry_date` datetime NOT NULL,
  `update_date` datetime DEFAULT NULL
) ENGINE=InnoDB DEFAULT CHARSET=latin1;

--
-- Dumping data for table `trn_join_campaign`
--

INSERT INTO `trn_join_campaign` (`trn_join_id`, `join_id`, `trn_campaign_id`, `user_answer`, `file`, `answer_status`, `question_title`, `option_type`, `right_answer`, `option_a`, `option_b`, `option_c`, `option_d`, `entry_date`, `update_date`) VALUES
(1, 1, 1, 'Computer is machine', '', 0, 'What is Computer?', 0, 'Computer is machine', '', '', '', '', '0000-00-00 00:00:00', NULL),
(2, 2, 1, '', '', 0, '', 0, '', '', '', '', '', '0000-00-00 00:00:00', NULL),
(19, 10, 30, '', '', 3, 'question 1', 2, 'answer 1', '', '', '', '', '2022-01-05 17:14:19', NULL),
(31, 7, 32, '', '', 3, 'shsj 1', 2, 'shsj', '', '', '', '', '2022-01-05 18:23:36', NULL),
(43, 7, 33, 'A', '', 1, 'shsj 2', 1, 'A', 'abcd 1', 'abcd 2', 'abcd 3', 'abcd 4', '2022-01-05 18:36:46', NULL),
(44, 7, 34, 'bbdh', '', 2, 'shsj 3', 2, 'shsj', '', '', '', '', '2022-01-05 18:36:50', NULL),
(45, 7, 35, 'hdhdu', '', 2, 'shsj 4', 2, 'shsj', '', '', '', '', '2022-01-05 18:36:54', NULL),
(46, 6, 21, 'B', 'File_1122334455.pdf', 3, 'Android developed by..?', 2, 'Andy Rubbie', 'Andy selmon', 'Andy jorget', 'Andy Rubbie', 'Andy canon', '2022-01-08 11:41:00', NULL),
(47, 41, 22, '', '', 3, 'question 2', 1, 'Select Right Answer', '', '', '', '', '2022-01-08 11:41:16', NULL),
(48, 41, 23, 'abcd', '', 2, 'question 3', 2, 'Select Right Answer', '', '', '', '', '2022-01-08 11:41:21', NULL),
(49, 41, 23, 'abcd', '', 2, 'question 3', 2, 'Select Right Answer', '', '', '', '', '2022-01-08 11:41:27', NULL),
(50, 41, 23, 'abcd', '', 2, 'question 3', 2, 'Select Right Answer', '', '', '', '', '2022-01-08 11:41:29', NULL),
(51, 41, 23, 'abcd', '', 2, 'question 3', 2, 'Select Right Answer', '', '', '', '', '2022-01-08 11:41:30', NULL),
(52, 41, 23, '', '', 3, 'question 3', 2, 'Select Right Answer', '', '', '', '', '2022-01-08 11:41:32', NULL),
(53, 42, 32, 'jzjs', '', 2, 'shsj 1', 2, 'shsj', '', '', '', '', '2022-01-08 11:41:40', NULL),
(54, 42, 33, 'B', '', 2, 'shsj 2', 1, 'A', 'abcd 1', 'abcd 2', 'abcd 3', 'abcd 4', '2022-01-08 11:41:42', NULL),
(55, 42, 34, '', '', 3, 'shsj 3', 2, 'shsj', '', '', '', '', '2022-01-08 11:41:50', NULL),
(56, 42, 35, 'abcd', '', 2, 'shsj 4', 2, 'shsj', '', '', '', '', '2022-01-08 11:41:53', NULL),
(57, 42, 35, 'abcd', '', 2, 'shsj 4', 2, 'shsj', '', '', '', '', '2022-01-08 11:41:55', NULL),
(58, 42, 35, 'abcd', '', 2, 'shsj 4', 2, 'shsj', '', '', '', '', '2022-01-08 11:41:56', NULL),
(59, 42, 35, 'abcdbdn', '', 2, 'shsj 4', 2, 'shsj', '', '', '', '', '2022-01-08 11:41:58', NULL),
(61, 44, 42, 'cgh', '', 2, 'jsjs', 2, 'abcd', '', '', '', '', '2022-01-10 12:27:43', NULL),
(62, 85, 30, '', '', 3, 'question 1', 2, 'answer 1', '', '', '', '', '2022-01-10 16:38:18', NULL),
(63, 86, 37, '', '', 1, 'nsjs', 1, 'C', 'ushs', 'sjsd', 'shdjd', 'hshshs', '2022-01-10 16:55:31', '2022-05-19 11:38:13'),
(64, 86, 30, '', '', 2, 'question 1', 2, 'answer 1', '', '', '', '', '2022-01-11 10:43:17', '2022-05-02 12:17:12'),
(65, 87, 31, 'B', '', 1, 'question 2', 1, 'B', 'abcd', 'abcd 2', 'abcd 3', 'abcd 4', '2022-01-11 10:43:34', NULL),
(74, 91, 36, 'abcd', 'File_1641880216.pdf', 2, 'hdhxhd', 2, 'bdjdjs', '', '', '', '', '2022-01-11 11:20:16', NULL),
(81, 94, 40, 'abcd', 'File_1641881095.pdf', 2, 'jdjd', 2, 'hshs', '', '', '', '', '2022-01-11 11:34:55', NULL),
(82, 95, 41, 'abcd', 'File_1641881216.pdf', 2, 'nsjs', 2, 'nxnd', '', '', '', '', '2022-01-11 11:36:56', NULL),
(83, 95, 41, 'abcd', 'File_1641881230.pdf', 2, 'nsjs', 2, 'nxnd', '', '', '', '', '2022-01-11 11:37:10', NULL),
(84, 95, 41, 'abcd', 'File_1641881246.pdf', 2, 'nsjs', 2, 'nxnd', '', '', '', '', '2022-01-11 11:37:26', NULL),
(85, 95, 41, 'abcd', 'File_1641881257.pdf', 2, 'nsjs', 2, 'nxnd', '', '', '', '', '2022-01-11 11:37:37', NULL),
(86, 96, 40, 'dgg', '', 2, 'jdjd', 2, 'hshs', '', '', '', '', '2022-01-11 11:40:28', NULL),
(87, 85, 31, '', '', 3, 'question 2', 1, 'B', 'abcd', 'abcd 2', 'abcd 3', 'abcd 4', '2022-01-11 12:14:40', NULL),
(95, 100, 28, 'A', 'File_1641884006.pdf', 2, 'question 1', 1, 'B', 'abcd', 'abcd b', 'abcd c', 'abcd d', '2022-01-11 12:23:26', NULL),
(98, 101, 28, 'B', 'File_1641884912.pdf', 1, 'question 1', 1, 'B', 'abcd', 'abcd b', 'abcd c', 'abcd d', '2022-01-11 12:38:32', '2022-01-28 23:38:41'),
(99, 101, 30, 'ffb', '', 1, 'question 2', 2, 'answer 1', '', '', '', '', '2022-01-11 12:38:37', '2022-01-28 23:38:31'),
(100, 101, 31, 'C', '', 1, 'question 3', 1, 'B', 'abcd', 'abcd 2', 'abcd 3', 'abcd 4', '2022-01-11 12:38:40', '2022-01-28 23:54:34'),
(101, 96, 40, 'dgg', '', 1, 'jdjd', 2, 'hshs', '', '', '', '', '2022-01-11 11:40:28', NULL),
(102, 96, 40, 'dgg', '', 3, 'jdjd', 2, 'hshs', '', '', '', '', '2022-01-11 11:40:28', NULL),
(103, 102, 101, '', '', 3, 'abcd 2', 1, 'B', 'a', 'b', 'c', 'd', '2022-01-22 23:29:05', NULL),
(104, 103, 42, '', '', 0, 'jsjs', 2, 'abcd', '', '', '', '', '2022-01-28 22:23:15', NULL),
(105, 104, 42, '', '', 0, 'jsjs', 2, 'abcd', '', '', '', '', '2022-01-28 22:28:02', NULL),
(106, 105, 42, 'dghff', '', 0, 'jsjs', 2, 'abcd', '', '', '', '', '2022-01-28 22:30:33', NULL),
(107, 106, 32, 'ghhg', '', 0, 'shsj 1', 2, 'shsj', '', '', '', '', '2022-01-31 22:29:06', NULL),
(108, 107, 115, 'hggt', '', 0, 'djjdbs', 2, '', '', '', '', '', '2022-02-02 20:34:40', NULL),
(109, 108, 106, '', '', 3, 'dfeg', 1, 'C', 'fsdf', 'sdfsd', 'sdfgssdfds', 'sdv', '2022-02-25 23:22:03', NULL),
(110, 108, 107, 'gdd', '', 0, 'fsdgsfd', 2, 'xfbvf', '', '', '', '', '2022-02-25 23:22:08', NULL),
(111, 108, 108, 'ttr', '', 0, 'dfds', 2, 'sdfsd', '', '', '', '', '2022-02-25 23:22:09', NULL),
(146, 122, 119, 'A', '', 2, 'ndjud', 1, '', 'abcd 1', 'abcd 2', 'abcd 3', 'abcd 4', '2022-03-20 17:27:54', NULL),
(147, 122, 120, 'C', '', 2, 'sjjssj', 1, '', 'xyz 1', 'xyz 2', 'xyz 3', 'xyz 4', '2022-03-20 17:27:56', NULL),
(148, 122, 121, 'hdhhd', '', 0, 'jsj', 2, 'Select Right Answer', '', '', '', '', '2022-03-20 17:27:59', NULL),
(229, 138, 3, '', '', 3, 'questionId_3_ans_3', 1, 'questionId_3_ans_3', 'questionId_3_ans_3', 'questionId_3_ans_3', 'questionId_3_ans_3', 'questionId_3_ans_3', '2022-04-26 19:33:18', NULL),
(230, 138, 4, '', '', 3, 'questionId_4_ans_4', 1, 'questionId_4_ans_4', 'questionId_4_ans_4', 'questionId_4_ans_4', 'questionId_4_ans_4', 'questionId_4_ans_4', '2022-04-26 19:33:38', NULL),
(231, 138, 5, '', '', 3, 'questionId_5_ans_5', 1, 'questionId_5_ans_5', 'questionId_5_ans_5', 'questionId_5_ans_5', 'questionId_5_ans_5', 'questionId_5_ans_5', '2022-04-26 19:33:58', NULL),
(232, 138, 6, '', '', 3, 'questionId_6_ans_6', 1, 'questionId_6_ans_6', 'questionId_6_ans_6', 'questionId_6_ans_6', 'questionId_6_ans_6', 'questionId_6_ans_6', '2022-04-26 19:34:18', NULL),
(233, 138, 7, '', '', 3, 'questionId_7_ans_7', 1, 'questionId_7_ans_7', 'questionId_7_ans_7', 'questionId_7_ans_7', 'questionId_7_ans_7', 'questionId_7_ans_7', '2022-04-26 19:34:38', NULL),
(243, 146, 122, 'hdj', '', 0, 'adsfsasa', 2, '', '', '', '', '', '2022-05-19 19:40:20', NULL),
(244, 146, 123, 'ueie', '', 0, 'asdfsaas', 2, '', '', '', '', '', '2022-05-19 19:40:23', NULL),
(258, 151, 119, 'B', '', 2, 'ndjud', 1, 'A', 'abcd 1', 'abcd 2', 'abcd 3', 'abcd 4', '2022-05-19 20:17:25', NULL),
(259, 151, 120, 'C', '', 2, 'sjjssj', 1, 'B', 'xyz 1', 'xyz 2', 'xyz 3', 'xyz 4', '2022-05-19 20:17:26', NULL),
(260, 151, 121, 'vrv', '', 0, 'jsj', 2, '', '', '', '', '', '2022-05-19 20:17:30', NULL);

--
-- Indexes for dumped tables
--

--
-- Indexes for table `admin_post`
--
ALTER TABLE `admin_post`
  ADD PRIMARY KEY (`post_id`);

--
-- Indexes for table `manage_language`
--
ALTER TABLE `manage_language`
  ADD PRIMARY KEY (`language_id`);

--
-- Indexes for table `mst_admin`
--
ALTER TABLE `mst_admin`
  ADD PRIMARY KEY (`admin_id`);

--
-- Indexes for table `mst_campaign`
--
ALTER TABLE `mst_campaign`
  ADD PRIMARY KEY (`campaign_id`);

--
-- Indexes for table `mst_campaign_comment`
--
ALTER TABLE `mst_campaign_comment`
  ADD PRIMARY KEY (`c_comment_id`);

--
-- Indexes for table `mst_coupon_code`
--
ALTER TABLE `mst_coupon_code`
  ADD PRIMARY KEY (`coupon_id`);

--
-- Indexes for table `mst_friends`
--
ALTER TABLE `mst_friends`
  ADD PRIMARY KEY (`friend_id`);

--
-- Indexes for table `mst_join_campaign`
--
ALTER TABLE `mst_join_campaign`
  ADD PRIMARY KEY (`join_id`);

--
-- Indexes for table `mst_notes`
--
ALTER TABLE `mst_notes`
  ADD PRIMARY KEY (`note_id`);

--
-- Indexes for table `mst_plans`
--
ALTER TABLE `mst_plans`
  ADD PRIMARY KEY (`plan_id`);

--
-- Indexes for table `mst_question`
--
ALTER TABLE `mst_question`
  ADD PRIMARY KEY (`question_id`);

--
-- Indexes for table `mst_question_answer`
--
ALTER TABLE `mst_question_answer`
  ADD PRIMARY KEY (`q_answer_id`);

--
-- Indexes for table `mst_question_comment`
--
ALTER TABLE `mst_question_comment`
  ADD PRIMARY KEY (`q_comment_id`);

--
-- Indexes for table `mst_school_collage`
--
ALTER TABLE `mst_school_collage`
  ADD PRIMARY KEY (`school_collage_id`);

--
-- Indexes for table `mst_student`
--
ALTER TABLE `mst_student`
  ADD PRIMARY KEY (`student_id`);

--
-- Indexes for table `mst_teacher`
--
ALTER TABLE `mst_teacher`
  ADD PRIMARY KEY (`teacher_id`);

--
-- Indexes for table `mst_transaction`
--
ALTER TABLE `mst_transaction`
  ADD PRIMARY KEY (`trans_id`);

--
-- Indexes for table `trn_campaign`
--
ALTER TABLE `trn_campaign`
  ADD PRIMARY KEY (`trn_campaign_id`);

--
-- Indexes for table `trn_join_campaign`
--
ALTER TABLE `trn_join_campaign`
  ADD PRIMARY KEY (`trn_join_id`);

--
-- AUTO_INCREMENT for dumped tables
--

--
-- AUTO_INCREMENT for table `admin_post`
--
ALTER TABLE `admin_post`
  MODIFY `post_id` bigint(20) NOT NULL AUTO_INCREMENT, AUTO_INCREMENT=6;

--
-- AUTO_INCREMENT for table `manage_language`
--
ALTER TABLE `manage_language`
  MODIFY `language_id` int(11) NOT NULL AUTO_INCREMENT, AUTO_INCREMENT=6;

--
-- AUTO_INCREMENT for table `mst_admin`
--
ALTER TABLE `mst_admin`
  MODIFY `admin_id` bigint(20) NOT NULL AUTO_INCREMENT, AUTO_INCREMENT=2;

--
-- AUTO_INCREMENT for table `mst_campaign`
--
ALTER TABLE `mst_campaign`
  MODIFY `campaign_id` bigint(20) NOT NULL AUTO_INCREMENT, AUTO_INCREMENT=138;

--
-- AUTO_INCREMENT for table `mst_campaign_comment`
--
ALTER TABLE `mst_campaign_comment`
  MODIFY `c_comment_id` bigint(20) NOT NULL AUTO_INCREMENT, AUTO_INCREMENT=34;

--
-- AUTO_INCREMENT for table `mst_coupon_code`
--
ALTER TABLE `mst_coupon_code`
  MODIFY `coupon_id` bigint(20) NOT NULL AUTO_INCREMENT, AUTO_INCREMENT=138;

--
-- AUTO_INCREMENT for table `mst_friends`
--
ALTER TABLE `mst_friends`
  MODIFY `friend_id` bigint(20) NOT NULL AUTO_INCREMENT, AUTO_INCREMENT=97;

--
-- AUTO_INCREMENT for table `mst_join_campaign`
--
ALTER TABLE `mst_join_campaign`
  MODIFY `join_id` bigint(20) NOT NULL AUTO_INCREMENT, AUTO_INCREMENT=152;

--
-- AUTO_INCREMENT for table `mst_notes`
--
ALTER TABLE `mst_notes`
  MODIFY `note_id` bigint(20) NOT NULL AUTO_INCREMENT, AUTO_INCREMENT=29;

--
-- AUTO_INCREMENT for table `mst_plans`
--
ALTER TABLE `mst_plans`
  MODIFY `plan_id` bigint(20) NOT NULL AUTO_INCREMENT, AUTO_INCREMENT=18;

--
-- AUTO_INCREMENT for table `mst_question`
--
ALTER TABLE `mst_question`
  MODIFY `question_id` bigint(20) NOT NULL AUTO_INCREMENT, AUTO_INCREMENT=138;

--
-- AUTO_INCREMENT for table `mst_question_answer`
--
ALTER TABLE `mst_question_answer`
  MODIFY `q_answer_id` bigint(20) NOT NULL AUTO_INCREMENT, AUTO_INCREMENT=93;

--
-- AUTO_INCREMENT for table `mst_question_comment`
--
ALTER TABLE `mst_question_comment`
  MODIFY `q_comment_id` bigint(20) NOT NULL AUTO_INCREMENT, AUTO_INCREMENT=111;

--
-- AUTO_INCREMENT for table `mst_school_collage`
--
ALTER TABLE `mst_school_collage`
  MODIFY `school_collage_id` bigint(20) NOT NULL AUTO_INCREMENT, AUTO_INCREMENT=12;

--
-- AUTO_INCREMENT for table `mst_student`
--
ALTER TABLE `mst_student`
  MODIFY `student_id` bigint(20) NOT NULL AUTO_INCREMENT, AUTO_INCREMENT=56;

--
-- AUTO_INCREMENT for table `mst_teacher`
--
ALTER TABLE `mst_teacher`
  MODIFY `teacher_id` bigint(20) NOT NULL AUTO_INCREMENT, AUTO_INCREMENT=17;

--
-- AUTO_INCREMENT for table `mst_transaction`
--
ALTER TABLE `mst_transaction`
  MODIFY `trans_id` bigint(20) NOT NULL AUTO_INCREMENT, AUTO_INCREMENT=37;

--
-- AUTO_INCREMENT for table `trn_campaign`
--
ALTER TABLE `trn_campaign`
  MODIFY `trn_campaign_id` bigint(20) NOT NULL AUTO_INCREMENT, AUTO_INCREMENT=124;

--
-- AUTO_INCREMENT for table `trn_join_campaign`
--
ALTER TABLE `trn_join_campaign`
  MODIFY `trn_join_id` bigint(20) NOT NULL AUTO_INCREMENT, AUTO_INCREMENT=261;
COMMIT;

/*!40101 SET CHARACTER_SET_CLIENT=@OLD_CHARACTER_SET_CLIENT */;
/*!40101 SET CHARACTER_SET_RESULTS=@OLD_CHARACTER_SET_RESULTS */;
/*!40101 SET COLLATION_CONNECTION=@OLD_COLLATION_CONNECTION */;
